City,State,Country,Property Type Cleaned,Sub-Area Cleaned,Company Name Cleaned,TownShip Cleaned,Description Cleaned,ClubHouse Cleaned,School Cleaned,Hospital Cleaned,Mall Cleaned,Park Cleaned,Pool Cleaned,Gym Cleaned,Area Cleaned,Price Cleaned,Description Processed,Noun_Counts,Verb_Counts,Adjective_Counts,Price by sub-area,Amenities score,Price by Amenities score
pune,maharashtra,india,1.0,bavdhan,shapoorji paloonji,vanaha,shapoorji paloonji comunity located in the suburbs of bavadhan locality is situated in a pleasant environment around. this 1bhk property comes with a swimming pool and parking facilty in the community. it also comes with temples and churches near by for devotional purposes,1,1,1,1,1,1,1,492.0,39.0,shapoorji paloonji comunity located suburbs bavadhan locality situated pleasant environment around 1bhk property comes swimming pool parking facilty community also comes temples churches near devotional purposes,13,7,2,58.044000000000004,7,72.66666666666667
pune,maharashtra,india,2.0,bavdhan,shapoorji paloonji,vanaha,vanaha township located near the lonavala hill range. offers a very greenery filled environment and a friendly community. comes with a 2bhk well furnished home at affordable price,1,1,1,1,1,1,1,774.0,65.0,vanaha township located near lonavala hill range offers greenery filled environment friendly community comes 2bhk well furnished home affordable price,10,5,2,58.044000000000004,7,72.66666666666667
pune,maharashtra,india,3.0,bavdhan,shapoorji paloonji,vanaha,"vanaha society is suitable for all aged group people with a playareafor kids, woodland for the teen's and a park for elderly person's to find the serenity. this community also offers clubhouse and gym facilities.",1,1,1,1,1,1,1,889.0,74.0,vanaha society suitable aged group people playareafor kids woodland teens park elderly persons find serenity community also offers clubhouse gym facilities,12,6,2,58.044000000000004,7,72.66666666666667
pune,maharashtra,india,3.0,bavdhan,shapoorji paloonji,vanaha,"vanaha township are offering 3bhk grand prpoerties at bavdhan area, pune. the newly launched project has podium level amenities that speak the language of great design and functionality.",1,1,1,1,1,1,1,1018.0,89.0,vanaha township offering 3bhk grand prpoerties bavdhan area pune newly launched project podium level amenities speak language great design functionality,12,4,2,58.044000000000004,7,72.66666666666667
pune,maharashtra,india,2.0,mahalunge,godrej properties,godrej hills retreat,"the area is a hub of prestigious schools like bishop’s high school, vibgyor intl. school, boston world school. it also offers quick access to important highways such as pune-bengaluru, pune-solapur & pune-mumbai expressway.",1,1,1,1,1,1,1,743.0,74.0,area hub prestigious schools like bishops high school vibgyor intl school boston world school also offers quick access important highways punebengaluru punesolapur punemumbai expressway,14,2,6,73.55555555555556,7,72.66666666666667
pune,maharashtra,india,3.0,mahalunge,godrej properties,godrej hills retreat,"strategically located in mahalunge, pune's quaint, nature-loving and yet, well-connected suburb, godrej hills retreat welcomes you to experience the height of high living.",1,1,1,1,1,1,1,975.0,95.0,strategically located mahalunge punes quaint natureloving yet wellconnected suburb godrej hills retreat welcomes experience height high living,7,4,2,73.55555555555556,7,72.66666666666667
pune,maharashtra,india,2.0,balewadi,anp corp,anp universe,"the project boasts 6 elegant towers of 11 & 12 stories, offering 2 & 3 bedroom apartment in balewadi,pune with the quality specification and great community living in form of amenities like a well-equipped clubhouse and landscape garden.",1,0,0,0,1,1,1,894.5,75.0,project boasts elegant towers stories offering bedroom apartment balewadi pune quality specification great community living form amenities like wellequipped clubhouse landscape garden,13,5,3,83.75,4,98.58288659793813
pune,maharashtra,india,3.0,balewadi,anp corp,anp universe,"the project boasts 6 elegant towers of 11 & 12 stories, offering 2 and 3 bedroom apartment in balewadi,pune with the quality specification and great community living in form of amenities like swimming pools, club house and gym.",1,0,0,0,1,1,1,1174.5,100.0,project boasts elegant towers stories offering bedroom apartment balewadi pune quality specification great community living form amenities like swimming pools club house gym,14,5,3,83.75,4,98.58288659793813
pune,maharashtra,india,2.0,ravet,urban space creator,urban skyline,"urban space creator project has 2 &3 bhk flats in ravet, pune. it is a new residential construction in pune. the project is nestled amongst reputed eon & ravet it parks, world-class amanora & seasons malls. the project offers flats for sale in ravet.",1,0,0,0,1,1,1,905.0,65.0,urban space creator project bhk flats ravet pune new residential construction pune project nestled amongst reputed eon ravet parks worldclass amanora seasons malls project offers flats sale ravet,17,5,5,86.58333333333333,4,98.58288659793813
pune,maharashtra,india,3.0,ravet,urban space creator,urban skyline,"one of the top residential hubs in pune, it is well-connected to other parts of pune such as pimpri and talegaon. areas like aundh, wakad ,saudagar etc. are also easily accessible from the region.",1,0,0,0,1,1,1,1125.0,88.0,one top residential hubs pune wellconnected parts pune pimpri talegaon areas like aundh wakad saudagar etc also easily accessible region,10,2,4,86.58333333333333,4,98.58288659793813
pune,maharashtra,india,4.0,ravet,urban space creator,urban skyline,"the newly launched project has podium level amenities that speak the language of great design and functionality.the township is nestled at the intersection of three major routes viz. old nh-4 highway, katraj-dehu road and mumbai-pune expressway.",1,0,0,0,1,1,1,1644.0,135.0,newly launched project podium level amenities speak language great design functionalitythe township nestled intersection three major routes viz old nh4 highway katrajdehu road mumbaipune expressway,15,4,4,86.58333333333333,4,98.58288659793813
pune,maharashtra,india,5.0,ravet,urban space creator,urban skyline,"located in north-western pune, it is surrounded with natural greens and gets ample fresh air. also offers with many temples and churches nearby for religious activities to be done. it also comes with a package of swimming pools, gym and etc.",1,0,0,0,1,1,1,1662.9,188.0,located northwestern pune surrounded natural greens gets ample fresh air also offers many temples churches nearby religious activities done also comes package swimming pools gym etc,9,7,7,86.58333333333333,4,98.58288659793813
pune,maharashtra,india,6.0,ravet,urban space creator,urban skyline,urban space creator is amongst the best project in pune using modern technology construction for superstructure called alu-form system wherein walls and slabs for a typical floor gets cast at one time.,1,0,0,0,1,1,1,1662.9,188.0,urban space creator amongst best project pune using modern technology construction superstructure called aluform system wherein walls slabs typical floor gets cast one time,13,4,4,86.58333333333333,4,98.58288659793813
pune,maharashtra,india,2.0,baner,vtp reality,vtp cierra,vtp cierra is a smartly designed project of 2bhk apartments by vtp reality. vtp cierra offers you state of the art amenities and at the same time is budget friendly.,1,0,0,0,1,1,1,753.5,58.0,vtp cierra smartly designed project 2bhk apartments vtp reality vtp cierra offers state art amenities time budget friendly,13,1,1,132.96499999999997,4,98.58288659793813
pune,maharashtra,india,3.0,baner,vtp reality,vtp cierra,"vtp cierra is a smartly designed project of 2bhk apartments by vtp reality. it has various schools, colleges, hospitals, eateries , malls , banks and atm's nearby.",1,0,0,0,1,1,1,1051.0,95.0,vtp cierra smartly designed project 2bhk apartments vtp reality various schools colleges hospitals eateries malls banks atms nearby,11,2,2,132.96499999999997,4,98.58288659793813
pune,maharashtra,india,1.0,mahalunge,vtp reality,vtp blue water,"vtp blue water offers you state of the art amenities and at the same time is budget friendly too each apartment is designed with utmost precision and planned to perfection, with temples surrounded and fresh environment around",1,0,0,0,1,1,1,423.0,40.0,vtp blue water offers state art amenities time budget friendly apartment designed utmost precision planned perfection temples surrounded fresh environment around,13,3,4,73.55555555555556,4,98.58288659793813
pune,maharashtra,india,2.0,mahalunge,vtp reality,vtp blue water,"each apartment in vtp blue wateris designed with utmost precision and planned to perfection.its strategic location gives you close proximity to pune airport, business bay , kharadi, shivajinagar, pune- mumbai highway, nagar road, phoenix market city, poona club.",1,0,0,0,1,1,1,665.0,58.0,apartment vtp blue wateris designed utmost precision planned perfectionits strategic location gives close proximity pune airport business bay kharadi shivajinagar pune mumbai highway nagar road phoenix market city poona club,22,3,4,73.55555555555556,4,98.58288659793813
pune,maharashtra,india,3.0,mahalunge,vtp reality,vtp blue water,"vtp blue water is a smartly designed project of 2bhk apartments by vtp reality. its strategic location gives you close proximity to pune airport, business bay , kharadi, shivajinagar, pune- mumbai highway, nagar road, phoenix market city, poona club.",1,0,0,0,1,1,1,878.5,78.0,vtp blue water smartly designed project 2bhk apartments vtp reality strategic location gives close proximity pune airport business bay kharadi shivajinagar pune mumbai highway nagar road phoenix market city poona club,22,2,4,73.55555555555556,4,98.58288659793813
pune,maharashtra,india,1.0,ravet,waghvani constructions,om mangalam chaitanya,"the project boasts 6 elegant towers of 11 & 12 stories, offering 2 & 3 bedroom apartment in ravet pune with the quality specification and great community living in form of amenities like a well-equipped clubhouse, swimming pool, children's play park and a gym area.",1,0,0,0,1,1,1,462.0,36.0,project boasts elegant towers stories offering bedroom apartment ravet pune quality specification great community living form amenities like wellequipped clubhouse swimming pool childrens play park gym area,16,7,3,86.58333333333333,4,98.58288659793813
pune,maharashtra,india,2.0,ravet,waghvani constructions,om mangalam chaitanya,"booming with commercial and residential growth, infrastructural development and high appreciation, ravet is the next big destination, with our humongorous om mangalam chaitanya property being there.offers you state of the art amenities and at the same time is budget friendly.",1,0,0,0,1,1,1,666.0,48.0,booming commercial residential growth infrastructural development high appreciation ravet next big destination humongorous mangalam chaitanya property thereoffers state art amenities time budget friendly,14,1,7,86.58333333333333,4,98.58288659793813
pune,maharashtra,india,2.0,ravet,sukwani associates,sukwani aspire,"the robust infrastructure, quality materials, thoughtful design, and impressive facades are a hallmark of excellence developed by godrej properties. it also come with a swimming pool and a gym for physical activities",1,0,0,0,1,1,1,750.0,57.0,robust infrastructure quality materials thoughtful design impressive facades hallmark excellence developed godrej properties also come swimming pool gym physical activities,10,4,5,86.58333333333333,4,98.58288659793813
pune,maharashtra,india,3.0,ravet,sukwani associates,sukwani aspire,"welcome to sukwani aspire – flats in ravet an excellent opportunity in a rapidly growing residential area for a great living. situated in ravet, sukwani aspire location translates into an advantageous investment in east pune’s most flourishing location.",1,0,0,0,1,1,1,1030.0,79.0,welcome sukwani aspire flats ravet excellent opportunity rapidly growing residential area great living situated ravet sukwani aspire location translates advantageous investment east punes flourishing location,13,5,6,86.58333333333333,4,98.58288659793813
pune,maharashtra,india,1.0,kharadi,mantra properties,mantra 29 gold,"mantra 29 gold is a wonderful property offering 1 bedroom apartments with ready lifestyle amenities. from health to nature to entertainment, it offers a complete package to satisfy everyone in your family. in short, mantra 29 gold is the best value that you will get for your money.",1,0,0,0,1,0,1,446.0,37.0,mantra gold wonderful property offering bedroom apartments ready lifestyle amenities health nature entertainment offers complete package satisfy everyone family short mantra gold best value get money,16,4,6,66.310625,3,69.04065217391305
pune,maharashtra,india,2.0,kharadi,mantra properties,mantra 29 gold,"mantra 29 gold is a wonderful property offering 2 bedroom apartments with ready lifestyle amenities. from health to nature to entertainment, it offers a complete package to satisfy everyone in your family.",1,0,0,0,1,0,1,796.0,57.0,mantra gold wonderful property offering bedroom apartments ready lifestyle amenities health nature entertainment offers complete package satisfy everyone family,12,3,4,66.310625,3,69.04065217391305
pune,maharashtra,india,2.0,kharadi,mantra properties,mantra 29 gold,"mantra 29 gold comes with connectivity to the kharadi it hub and the booming industrial belt of rajangaon-lonikand, kharadi is fast transforming into pune’s most sought-after destination. easy accessibility to pune airport, star hotels and lifestyle malls adds greater value for a convenient and happy lifestyle.",1,0,0,0,1,0,1,842.0,59.0,mantra gold comes connectivity kharadi hub booming industrial belt rajangaonlonikand kharadi fast transforming punes soughtafter destination easy accessibility pune airport star hotels lifestyle malls adds greater value convenient happy lifestyle,18,6,5,66.310625,3,69.04065217391305
pune,maharashtra,india,2.0,kharadi,mantra properties,mantra 29 gold,"mantra 29 gold offers you state of the art amenities and at the same time is budget friendly. proximity to kalyani nagar, ranjangaon industrial area, and it hubs at kharadi, kalyani nagar, and magarpatta.",1,0,0,0,1,0,1,865.0,61.0,mantra gold offers state art amenities time budget friendly proximity kalyani nagar ranjangaon industrial area hubs kharadi kalyani nagar magarpatta,15,2,3,66.310625,3,69.04065217391305
pune,maharashtra,india,2.0,kharadi,mantra properties,mantra 29 gold,"easy access to the upcoming metro station under the proposed metro phase – 1 (linking vanaz to ramwadi). more than 400 resident families at mantra 29 gold are already enjoying a happy lifestyle, which makes this your best choice",1,0,0,0,1,0,1,902.0,63.0,easy access upcoming metro station proposed metro phase linking vanaz ramwadi 400 resident families mantra gold already enjoying happy lifestyle makes best choice,8,6,7,66.310625,3,69.04065217391305
pune,maharashtra,india,2.0,kharadi,mantra properties,mantra 29 gold,mantra properties proudly presents the gold standard in community living.these imposing 32 storey towers are spread over a sprawling 7 acres. close to star hotels and lifestyle. easy connectivity to pune airport.,1,0,0,0,1,0,1,1154.0,79.0,mantra properties proudly presents gold standard community livingthese imposing storey towers spread sprawling acres close star hotels lifestyle easy connectivity pune airport,10,4,6,66.310625,3,69.04065217391305
pune,maharashtra,india,3.0,kharadi,mantra properties,mantra 29 gold,"designed by p&t singapore, one of the worlds best architect firms, the homes are seamless blend of the mantra 29 gold standard of lifestyle and affordability. on the inside, its compact 1,2 & 3 bhk apartements offer you an exceptional lifestyle. with all basic amenities included.",1,0,0,0,1,0,1,872.0,61.0,designed singapore one worlds best architect firms homes seamless blend mantra gold standard lifestyle affordability inside compact bhk apartements offer exceptional lifestyle basic amenities included,11,4,6,66.310625,3,69.04065217391305
pune,maharashtra,india,3.0,kharadi,mantra properties,mantra 29 gold,"welcome to mantra 29 gold – 3 bhk flats in kharadi an excellent opportunity in a rapidly growing residential area for a great living.amenities area reserved at the top terrace, indoor games for children on the 7th floor and a 2 – level parking for convenience make this project truly unique.",1,0,0,0,1,0,1,934.0,65.0,welcome mantra gold bhk flats kharadi excellent opportunity rapidly growing residential area great livingamenities area reserved top terrace indoor games children 7th floor level parking convenience make project truly unique,18,4,6,66.310625,3,69.04065217391305
pune,maharashtra,india,3.0,kharadi,mantra properties,mantra 29 gold,"mantra 29 gold's – 3 bhk flats, location translates into an advantageous investment in east pune’s most flourishing location. with connectivity to wadgaon sheri, pune it hub and the booming industrial belt of ranjangaon – lonikand, kharadi near pune is fast transforming into pune’s most sought-after destination.",1,0,0,0,1,0,1,1088.0,73.0,mantra golds bhk flats location translates advantageous investment east punes flourishing location connectivity wadgaon sheri pune hub booming industrial belt ranjangaon lonikand kharadi near pune fast transforming punes soughtafter destination,18,6,3,66.310625,3,69.04065217391305
pune,maharashtra,india,3.0,kharadi,mantra properties,mantra 29 gold,"mantra 29 gold offers stylish 3 bedroom apartments.easy accessibility to pune airport, star hotels and lifestyle malls add greater value for a convenient and happy lifestyle.",1,0,0,0,1,0,1,1109.0,76.0,mantra gold offers stylish bedroom apartmentseasy accessibility pune airport star hotels lifestyle malls add greater value convenient happy lifestyle,13,2,4,66.310625,3,69.04065217391305
pune,maharashtra,india,3.0,kharadi,mantra properties,mantra 29 gold,"with over 50+ years of excellence in real estate executing successful commercial and residential projects, mega townships, it parks, retail malls in pune, this is one of our best. it come with a huge swimming pool, a well built gym and a recreational club.",1,0,0,0,1,0,1,1163.0,80.0,50+ years excellence real estate executing successful commercial residential projects mega townships parks retail malls pune one best come huge swimming pool well built gym recreational club,10,3,10,66.310625,3,69.04065217391305
pune,maharashtra,india,3.0,kharadi,mantra properties,mantra 29 gold,"mantra 29 gold project has 2 &3 bhk flats in kharadi, pune. it is a new residential construction in pune. the project is nestled amongst reputed eon & ravet it parks, world-class amanora & seasons malls. the project offers flats for sale in kharadi.",1,0,0,0,1,0,1,1419.0,96.0,mantra gold project bhk flats kharadi pune new residential construction pune project nestled amongst reputed eon ravet parks worldclass amanora seasons malls project offers flats sale kharadi,16,5,5,66.310625,3,69.04065217391305
pune,maharashtra,india,3.0,kharadi,mantra properties,mantra 29 gold,"mantra 29 gold is one of the top residential hubs in pune, it is well-connected to other parts of pune such as pimpri and talegaon. areas like aundh, wakad etc. are also easily accessible from the region.",1,0,0,0,1,0,1,1485.0,100.0,mantra gold one top residential hubs pune wellconnected parts pune pimpri talegaon areas like aundh wakad etc also easily accessible region,10,3,4,66.310625,3,69.04065217391305
pune,maharashtra,india,2.0,balewadi,mantra properties,mantra monarch,"the newly launched project mantra 29 gold has podium level amenities that speak the language of great design. the township is nestled at the intersection of 2 major routes , old nh-4 highway and mumbai-pune expressway.",1,0,0,0,1,1,1,684.0,70.0,newly launched project mantra gold podium level amenities speak language great design township nestled intersection major routes old nh4 highway mumbaipune expressway,14,3,4,83.75,4,98.58288659793813
pune,maharashtra,india,3.0,balewadi,mantra properties,mantra monarch,"located in south-western pune, it is surrounded with natural greens and gets ample fresh air. also offers with many temples and churches nearby for religious activities to be done. it also comes with a package of swimming pools, gym and club house with ample of amenities etc.",1,0,0,0,1,1,1,990.0,90.0,located southwestern pune surrounded natural greens gets ample fresh air also offers many temples churches nearby religious activities done also comes package swimming pools gym club house ample amenities etc,11,8,8,83.75,4,98.58288659793813
pune,maharashtra,india,2.0,koregaon park,mantra properties,infinity,"infinity is amongst the best project in pune using modern technology construction for superstructure called alu-form system wherein walls and slabs for a typical floor gets cast at one time.multipurpose hall with outdoor party terrace,gymnasium,indoor kids’ play area with games room.",1,0,0,0,1,1,1,882.0,97.0,infinity amongst best project pune using modern technology construction superstructure called aluform system wherein walls slabs typical floor gets cast one timemultipurpose hall outdoor party terrace gymnasium indoor kids play area games room,22,6,3,108.5,4,98.58288659793813
pune,maharashtra,india,3.0,koregaon park,mantra properties,infinity,"infinity offers a a serene and peaceful ambience, easy connectivity to pune airport, close to star hotels and lifestyle malls like phoenix market city, amonora town centre and seasons mall.",1,0,0,0,1,1,1,1103.0,120.0,infinity offers serene peaceful ambience easy connectivity pune airport close star hotels lifestyle malls like phoenix market city amonora town centre seasons mall,14,4,4,108.5,4,98.58288659793813
pune,maharashtra,india,1.0,keshav nagar,mantra properties,mantra insignia,"mantra insignia – 1 bhk flats in keshav nagar, pune. mantra insignia is as much of a nature lover’s paradise as it is a delight for the aficionados of gracious living.",1,0,0,0,1,1,1,543.0,42.0,mantra insignia bhk flats keshav nagar pune mantra insignia much nature lovers paradise delight aficionados gracious living,9,2,5,49.5,4,98.58288659793813
pune,maharashtra,india,2.0,keshav nagar,mantra properties,mantra insignia,"manta insignia located in the prime locality of keshav nagar, this residential property is the perfect abode for those who prefer a home away from the madding crowds, and yet want to be connected to the trappings of modern living.",1,0,0,0,1,1,1,963.0,57.0,manta insignia located prime locality keshav nagar residential property perfect abode prefer home away madding crowds yet want connected trappings modern living,10,5,5,49.5,4,98.58288659793813
pune,maharashtra,india,1.0,kirkatwadi sinhagad road,mantra properties,7hills,"brilliant architecture, spectacular designs, marvellous finesse all these are yet a notch lower than what defines7 hills at kirkatwadi sinhagad road . enwrapped in the swarovski glamour, these edifices host 1,2 and 3 bedroom luxury apartments in kirkatwadi sinhagad road, punes burgeoning east.",1,0,0,0,1,1,1,421.5,36.0,brilliant architecture spectacular designs marvellous finesse yet notch lower defines7 hills kirkatwadi sinhagad road enwrapped swarovski glamour edifices host bedroom luxury apartments kirkatwadi sinhagad road punes burgeoning east,14,6,7,36.0,4,98.58288659793813
pune,maharashtra,india,2.0,kirkatwadi sinhagad road,mantra properties,7hills,"whether you are looking for a cozy, comfortable home amidst nature, or an astute investment that is bound to give high returns, 7 hills qualifies on all counts with,swimming pool, clubhouse,fully equipped gymnasium and children’s play area.",1,0,0,0,1,1,1,473.0,36.0,whether looking cozy comfortable home amidst nature astute investment bound give high returns hills qualifies counts swimming pool clubhouse fully equipped gymnasium childrens play area,14,6,3,36.0,4,98.58288659793813
pune,maharashtra,india,3.0,kirkatwadi sinhagad road,mantra properties,7hills,"7 hill, a 400 acre destination at kirkatwadi sinhagad road is the long-awaited response for progressive, luxurious, world-class projects in pune. it has house premium projects that offer all lifestyle experiences, without the urban difficulties of pollution, traffic, space congestion and more.",1,0,0,0,1,1,1,581.0,36.0,hill 400 acre destination kirkatwadi sinhagad road longawaited response progressive luxurious worldclass projects pune house premium projects offer lifestyle experiences without urban difficulties pollution traffic space congestion,17,3,5,36.0,4,98.58288659793813
pune,maharashtra,india,2.0,akurdi,mantra properties,mantra sky tower,"mantra sky tower also offers to create an enthralling living experience that is harmonious and sensitive to the surrounding ecology, and yet facilitates a high-quality lifestyle that is built on robust foundations of universal design and world-class infrastructure. the 400-acre project would be developed in multiple phases and may contain it parks, schools, hospitals, multiplexes and much more.",1,0,0,0,1,1,1,790.0,80.0,mantra sky tower also offers create enthralling living experience harmonious sensitive surrounding ecology yet facilitates highquality lifestyle built robust foundations universal design worldclass infrastructure 400acre project would developed multiple phases may contain parks schools hospitals multiplexes much,16,8,7,109.66666666666667,4,98.58288659793813
pune,maharashtra,india,2.0,akurdi,mantra properties,mantra sky tower,"welcome to mantra sky tower. a project that lives up to its name in every which way you see. sky tower is truly surrounded by luxury from all sides. and yet, it plays the perfect host to nature. if you are the sort who loves to come home to luxury that is not obtrusive, or overbearing, but has a delightful joie de vivre about it, you will not be disappointed.",1,0,0,0,1,1,1,820.0,83.0,welcome mantra sky tower project lives name every way see sky tower truly surrounded luxury sides yet plays perfect host nature sort loves come home luxury obtrusive overbearing delightful joie vivre disappointed,15,7,6,109.66666666666667,4,98.58288659793813
pune,maharashtra,india,3.0,akurdi,mantra properties,mantra sky tower,"mantra sky tower – affords you the unique privilege of being cocooned in your own private domain, away from the prying world, while giving you swift and ready access to your city needs and its bright lights. whether its shopping, your kid’s school, or healthcare – it is all just a few minutes’ drive away from home.",1,0,0,0,1,1,1,989.0,101.0,mantra sky tower affords unique privilege cocooned private domain away prying world giving swift ready access city needs bright lights whether shopping kids school healthcare minutes drive away home,15,4,7,109.66666666666667,4,98.58288659793813
pune,maharashtra,india,3.0,akurdi,mantra properties,mantra sky tower,"peninsula provides easy connectivity to kothrud, baner, balewadi, hinjewadi it park, pashan, aundh, besides pune-mumbai and mumbaibengaluru highway.ammenities like,tennis court and multi purpose hall are available.",1,0,0,0,1,1,1,1003.0,103.0,peninsula provides easy connectivity kothrud baner balewadi hinjewadi park pashan aundh besides punemumbai mumbaibengaluru highwayammenities like tennis court multi purpose hall available,13,2,4,109.66666666666667,4,98.58288659793813
pune,maharashtra,india,3.0,akurdi,mantra properties,mantra sky tower,"the mantra project boasts 5 elegant towers of 12 stories each, offering 2 & 3 bedroom apartment in akurdi pune with the quality specification, pleasing design, and great community living in form of amenities like a well-equipped clubhouse, swimming pool, children’s play park, and landscape garden.",1,0,0,0,1,1,1,1182.0,128.0,mantra project boasts elegant towers stories offering bedroom apartment akurdi pune quality specification pleasing design great community living form amenities like wellequipped clubhouse swimming pool childrens play park landscape garden,17,8,4,109.66666666666667,4,98.58288659793813
pune,maharashtra,india,5.0,akurdi,mantra properties,mantra sky tower,"with shopping, entertainment, education, health, and transport facilities within 3 to 10 km vicinity, mantra sky tower – a complete package of quality living with happiness and peace of mind!",1,0,0,0,1,1,1,1579.0,163.0,shopping entertainment education health transport facilities within vicinity mantra sky tower complete package quality living happiness peace mind,13,2,2,109.66666666666667,4,98.58288659793813
pune,maharashtra,india,0.0,pimpri pune,ravima ventures,the work club,"the ravima project boasts 5 elegant towers of 12 stories each, offering 2 & 3 bedroom apartment in pimpri pune with the quality specification, pleasing design, and great community living in form of amenities like a well-equipped children’s play park, and landscape garden.",0,0,0,0,1,0,1,421.5,54.0,ravima project boasts elegant towers stories offering bedroom apartment pimpri pune quality specification pleasing design great community living form amenities like wellequipped childrens play park landscape garden,16,6,4,54.0,2,81.48103448275862
pune,maharashtra,india,1.0,tathawade,ravima ventures,newton homes,"brilliant architecture, spectacular designs, marvellous finesse all these are yet a notch lower than what defines7 hills at tathawade . enwrapped in the swarovski glamour, these edifices host 1,2 and 3 bedroom luxury apartments in tathawade, punes burgeoning west.",0,0,0,0,1,0,1,491.0,39.0,brilliant architecture spectacular designs marvellous finesse yet notch lower defines7 hills tathawade enwrapped swarovski glamour edifices host bedroom luxury apartments tathawade punes burgeoning west,12,5,6,54.0,2,81.48103448275862
pune,maharashtra,india,2.0,tathawade,ravima ventures,newton homes,"ravima ventures also offers to create an enthralling living experience that is harmonious and sensitive to the surrounding ecology, and yet facilitates a high-quality lifestyle that is built on robust foundations of universal design and world-class infrastructure. the 400-acre project would be developed in multiple phases and may contain it parks, multiplexes and much more.",0,0,0,0,1,0,1,659.0,51.0,ravima ventures also offers create enthralling living experience harmonious sensitive surrounding ecology yet facilitates highquality lifestyle built robust foundations universal design worldclass infrastructure 400acre project would developed multiple phases may contain parks multiplexes much,13,8,6,54.0,2,81.48103448275862
pune,maharashtra,india,2.0,tathawade,ravima ventures,newton homes,"newton home's – 3 bhk flats, location translates into an advantageous investment in north pune’s most flourishing location. with connectivity to tathwade, pune it hub and the booming industrial belt tathwade near pune is fast transforming into pune’s most sought-after destination.",0,0,0,0,1,0,1,732.0,60.0,newton homes bhk flats location translates advantageous investment north punes flourishing location connectivity tathwade pune hub booming industrial belt tathwade near pune fast transforming punes soughtafter destination,16,6,3,54.0,2,81.48103448275862
pune,maharashtra,india,3.0,tathawade,ravima ventures,newton homes,"newton homes located in the prime locality of tathwade, this residential property is the perfect abode for those who prefer a home away from the madding crowds, and yet want to be connected to the trappings of modern living.",0,0,0,0,0,0,1,809.0,66.0,newton homes located prime locality tathwade residential property perfect abode prefer home away madding crowds yet want connected trappings modern living,8,6,5,54.0,1,62.83238095238095
pune,maharashtra,india,1.0,hadapsar,proviso group,lesiure town,"presenting proviso group, a thoughtfully designed architectural marvel with an essence of greek lifestyle in every aspect, right amidst the flourishing neighbourhood of hadapsar. from seamless connectivity to uninterrupted views of the vicinity, this project provides the best of comfort & conveniences.",0,0,0,0,1,1,1,460.0,45.5,presenting proviso group thoughtfully designed architectural marvel essence greek lifestyle every aspect right amidst flourishing neighbourhood hadapsar seamless connectivity uninterrupted views vicinity project provides best comfort conveniences,14,4,4,75.6375,3,69.04065217391305
pune,maharashtra,india,2.0,hadapsar,proviso group,lesiure town,leisure town are offering 2 & 3 bhk flats in hadapsar – pune. the newly launched project has podium level amenities that speak the language of great design and functionality.,0,0,0,0,1,1,1,734.0,72.5,leisure town offering bhk flats hadapsar pune newly launched project podium level amenities speak language great design functionality,12,3,2,75.6375,3,69.04065217391305
pune,maharashtra,india,2.0,hadapsar,proviso group,lesiure town,"the robust infrastructure, quality materials, thoughtful design, and impressive facades are a hallmark of excellence developed by proviso group . with swimming pool and gym facilities. temples and churches are nearby",0,0,0,0,1,1,1,753.0,73.5,robust infrastructure quality materials thoughtful design impressive facades hallmark excellence developed proviso group swimming pool gym facilities temples churches nearby,12,4,3,75.6375,3,69.04065217391305
pune,maharashtra,india,2.0,hadapsar,ravima ventures,newton homes,"the ravima project boasts 6 elegant towers of 11 & 12 stories, offering 2 & 3 bedroom apartment in hadapsar,pune with the quality specification and great community living in form of amenities like a well-equipped clubhouse and landscape garden.",0,0,0,0,1,0,0,675.0,62.0,ravima project boasts elegant towers stories offering bedroom apartment hadapsar pune quality specification great community living form amenities like wellequipped clubhouse landscape garden,14,5,3,75.6375,1,62.83238095238095
pune,maharashtra,india,3.0,hadapsar,ravima ventures,newton homes,"the newton homes project boasts 6 elegant towers of 11 & 12 stories, offering 3 bedroom apartment in hadapsar,pune with the quality specification and great community living in form of amenities like park and garden",0,0,0,0,1,0,0,917.0,84.0,newton homes project boasts elegant towers stories offering bedroom apartment hadapsar pune quality specification great community living form amenities like park garden,13,5,3,75.6375,1,62.83238095238095
pune,maharashtra,india,2.0,kiwale,unique properties,k ville,"presenting k ville, a thoughtfully designed architectural marvel with an essence of greek lifestyle in every aspect, right amidst the flourishing neighbourhood of kiwale. from seamless connectivity. here, discover various unique lifestyle avenues catering to the needs of every age group within a vibrant community of like-minded residents.",1,0,0,0,1,1,0,670.0,54.14,presenting ville thoughtfully designed architectural marvel essence greek lifestyle every aspect right amidst flourishing neighbourhood kiwale seamless connectivity discover various unique lifestyle avenues catering needs every age group within vibrant community likeminded residents,15,5,6,69.665,3,69.04065217391305
pune,maharashtra,india,2.0,kiwale,unique properties,k ville,"located in the prime locality of kiwale, this residential property is the perfect abode for those who prefer a home away from the madding crowds, and yet want to be connected to the trappings of modern living. the pristine pashan lake is virtually your neighbour, and coming home to the soft murmurs of its lapping waters is a luxury not many are privy too.",1,0,0,0,1,1,0,740.0,58.32,located prime locality kiwale residential property perfect abode prefer home away madding crowds yet want connected trappings modern living pristine pashan lake virtually neighbour coming home soft murmurs lapping waters luxury many privy,12,11,7,69.665,3,69.04065217391305
pune,maharashtra,india,2.5,kiwale,unique properties,k ville,"a perfect blend of luxury, convenience and connectivity, k ville features an environment that revolves around your lifestyle, not the other way round. being located amidst the city's top social infrastructure this address offers unmatched connectivity to various landmarks.",1,0,0,0,1,1,0,847.0,69.38,perfect blend luxury convenience connectivity ville features environment revolves around lifestyle way round located amidst citys top social infrastructure address offers unmatched connectivity various landmarks,14,2,8,69.665,3,69.04065217391305
pune,maharashtra,india,2.5,kiwale,unique properties,k ville,"a project of 2 & 3 bhk residences, every feature here has been thoughtfully planned keeping you and loved ones in mind. we at unique believe that the key to true happiness lies in spending quality time with your near and dear ones. even the amenities, spread across 37,000 sq.ft. will leave you with plenty of avenues to discover the fun side of life.",1,0,0,0,1,1,0,936.0,75.03,project bhk residences every feature thoughtfully planned keeping loved ones mind unique believe key true happiness lies spending quality time near dear ones even amenities spread across 000 sqft leave plenty avenues discover fun side life,15,9,5,69.665,3,69.04065217391305
pune,maharashtra,india,3.0,kiwale,unique properties,k ville,"located in the beautiful, upscale locale of kiwale that stands out as a true symbol of tasteful luxurious living. this lavish and thoughtfully designed multi-storied project consists of 154 units of apartments. each home features dedicated 
wardrobe niches in master bedroom, branded bathroom fittings, space-efficient for modular kitchen, and large living space.",1,0,0,0,1,1,0,990.0,79.02,located beautiful upscale locale kiwale stands true symbol tasteful luxurious living lavish thoughtfully designed multistoried project consists 154 units apartments home features dedicated wardrobe niches master bedroom branded bathroom fittings spaceefficient modular kitchen large living space,16,9,9,69.665,3,69.04065217391305
pune,maharashtra,india,3.0,kiwale,unique properties,k ville,"offering configurations for flats in kiwale, the project is located away from the hustle and bustle of city life. gear up to calmer and peaceful environs own home at happycity k villenow!",1,0,0,0,1,1,0,1032.0,82.1,offering configurations flats kiwale project located away hustle bustle city life gear calmer peaceful environs home happycity villenow,9,5,3,69.665,3,69.04065217391305
pune,maharashtra,india,3.0,kayani nagar,sagitarius ecospaces llp,bluegrass residences,"the project boasts 3 elegant towers of 12 stories, offering 2,3 & 4 bedroom apartment in model colony, kalyani nagar, pune. with the quality specification, pleasing design, and great community living in form of amenities like a well-equipped clubhouse, children's play area, and senior citizen area.",1,0,0,0,1,1,1,1662.9,190.29999999999987,project boasts elegant towers stories offering bedroom apartment model colony kalyani nagar pune quality specification pleasing design great community living form amenities like wellequipped clubhouse childrens play area senior citizen area,19,7,4,190.29999999999987,4,98.58288659793813
pune,maharashtra,india,4.0,kayani nagar,sagitarius ecospaces llp,bluegrass residences,"the project boasts 3 elegant towers of 12 stories, offering 2,3 & 4 bedroom apartment in kalyani nagar, pune. with the quality specification, pleasing design, and great community living in form of amenities like a well-equipped clubhouse, children's play area, and senior citizen area.",1,0,0,0,1,1,1,1662.9,190.29999999999987,project boasts elegant towers stories offering bedroom apartment kalyani nagar pune quality specification pleasing design great community living form amenities like wellequipped clubhouse childrens play area senior citizen area,17,7,4,190.29999999999987,4,98.58288659793813
pune,maharashtra,india,2.0,pisoli,nirman developers,brookefield willows,"brookefield willows is offering residential 2 bhk and office spaces at affordable pricing. a great strategic location in pisoli, the highway & expressway has great connectivity.",1,0,0,0,1,1,1,670.0,45.75,brookefield willows offering residential bhk office spaces affordable pricing great strategic location pisoli highway expressway great connectivity,8,2,5,95.99833333333329,4,98.58288659793813
pune,maharashtra,india,2.0,pisoli,nirman developers,brookefield willows,"the project offers elegant bhk homes that spell sophistication in its truest sense. here every day you'll be mesmerised by the scenic setting of the meandering indrayani river, rollicking hills.",1,0,0,0,1,1,1,725.0,49.34,project offers elegant bhk homes spell sophistication truest sense every day youll mesmerised scenic setting meandering indrayani river rollicking hills,9,6,4,95.99833333333329,4,98.58288659793813
pune,maharashtra,india,2.0,pisoli,nirman developers,brookefield willows,the project offers elegant 1 & 2 bhk homes that spell sophistication in its truest sense. with temples nearby to visit and spend your eveing,1,0,0,0,1,1,1,731.0,49.74,project offers elegant bhk homes spell sophistication truest sense temples nearby visit spend eveing,6,5,2,95.99833333333329,4,98.58288659793813
pune,maharashtra,india,2.0,pisoli,nirman developers,brookefield willows,the project offers elegant 1 & 2 bhk homes that spell sophistication in its truest sense. gear up to calmer and peaceful environs own home at happycity brookfield willows,1,0,0,0,1,1,1,744.0,50.56,project offers elegant bhk homes spell sophistication truest sense gear calmer peaceful environs home happycity brookfield willows,11,4,2,95.99833333333329,4,98.58288659793813
pune,maharashtra,india,3.0,pisoli,nirman developers,brookefield willows,the project offers elegant 1 & 2 bhk homes that spell sophistication in its truest sense. being located amidst the city's top social infrastructure this address offers unmatched connectivity to various landmarks.,1,0,0,0,1,1,1,923.0,190.29999999999987,project offers elegant bhk homes spell sophistication truest sense located amidst citys top social infrastructure address offers unmatched connectivity various landmarks,11,3,7,95.99833333333329,4,98.58288659793813
pune,maharashtra,india,3.0,pisoli,nirman developers,brookefield willows,"the project offers elegant 1 & 2 bhk homes that spell sophistication in its truest sense. here, discover various unique avenues catering to the needs of every age group within a vibrant community of like-minded residents.",1,0,0,0,1,1,1,930.0,190.29999999999987,project offers elegant bhk homes spell sophistication truest sense discover various unique avenues catering needs every age group within vibrant community likeminded residents,12,4,5,95.99833333333329,4,98.58288659793813
pune,maharashtra,india,1.0,manjri,jhala group,tranquility annexe,"at tranquility annexe, we're creating homes that honor your need for space and celebrate it. we bring you spacious apartments, equipped with all the trending amenities and high end specifications.",1,0,0,0,1,1,1,446.0,36.0,tranquility annexe creating homes honor need space celebrate bring spacious apartments equipped trending amenities high end specifications,9,5,3,64.9,4,98.58288659793813
pune,maharashtra,india,2.0,manjri,jhala group,tranquility annexe,"at tranquility annexe, happiness isn't confined to small spaces. it runs freely amidst the big balconies, leaps forward in the open areas and stares joyfully at the vast skies. so, leave behind all your compromises , space crunches and small dreams.",1,0,0,0,1,1,1,670.0,55.0,tranquility annexe happiness isnt confined small spaces runs freely amidst big balconies leaps forward open areas stares joyfully vast skies leave behind compromises space crunches small dreams,12,5,6,64.9,4,98.58288659793813
pune,maharashtra,india,2.5,manjri,jhala group,tranquility annexe,"the project boasts 3 elegant towers of 12 stories, offering 2,3 & 4 bedroom apartment in manjri, pune. ammenities like,tennis court and multi purpose hall are available.",1,0,0,0,1,1,1,792.0,65.5,project boasts elegant towers stories offering bedroom apartment manjri pune ammenities like tennis court multi purpose hall available,10,3,3,64.9,4,98.58288659793813
pune,maharashtra,india,2.0,mahalunge,jhala group,mahalunge riviera,"at mahalunge riviera .we bring you spacious apartments, equipped with all the trending amenities and high end specifications.",1,0,0,0,1,1,1,1180.0,68.0,mahalunge riviera bring spacious apartments equipped trending amenities high end specifications,6,3,2,73.55555555555556,4,98.58288659793813
pune,maharashtra,india,2.0,mahalunge,jhala group,mahalunge riviera,"at mahalunge riviera , we're creating homes that honor your need for space and celebrate it. with temples nearby to visit and spend your eveing",1,0,0,0,1,1,1,860.0,65.0,mahalunge riviera creating homes honor need space celebrate temples nearby visit spend eveing,6,5,1,73.55555555555556,4,98.58288659793813
pune,maharashtra,india,3.0,mahalunge,jhala group,mahalunge riviera,"at mahalunge riviera , we're creating homes that honor your need for space and celebrate it. here, discover various unique lifestyle avenues catering to the needs of every age group within a vibrant of like-minded residents.",1,0,0,0,1,1,1,988.0,92.0,mahalunge riviera creating homes honor need space celebrate discover various unique lifestyle avenues catering needs every age group within vibrant likeminded residents,11,5,3,73.55555555555556,4,98.58288659793813
pune,maharashtra,india,3.0,mahalunge,jhala group,mahalunge riviera,"at mahalunge riviera , we're creating homes that honor your need for space and celebrate it. even the amenities, spread 37,000 sq.ft. will leave you with plenty of avenues to discover the fun side of life.",1,0,0,0,1,1,1,1093.0,92.0,mahalunge riviera creating homes honor need space celebrate even amenities spread 000 sqft leave plenty avenues discover fun side life,10,6,2,73.55555555555556,4,98.58288659793813
pune,maharashtra,india,1.0,handewadi,jhala group,simplicity,"simplicity is situated at the entrance of pune and has close access to old and new highway. simplicity is an endeavor which boasts of high quality product in its class, cn heights la a p+12 story residential building of three towers and spread on 7 acres of land and 144 units of 2 and 3 bhk in total",1,0,0,0,1,0,1,456.0,36.0,simplicity situated entrance pune close access old new highway simplicity endeavor boasts high quality product class heights p+12 story residential building three towers spread acres land 144 units bhk total,16,6,6,46.408181818181816,3,69.04065217391305
pune,maharashtra,india,2.0,handewadi,jhala group,simplicity,"simplicity is situated at the entrance of pune and has close access to old and new highway. simplicity is an endeavor which boasts of high quality product in its class, cn heights la a p+12 story residential building of three towers and spread on 7 acres of land and 144 units. also come with temples and religious plces nearby",1,0,0,0,1,0,1,644.0,47.3,simplicity situated entrance pune close access old new highway simplicity endeavor boasts high quality product class heights p+12 story residential building three towers spread acres land 144 units also come temples religious plces nearby,18,6,6,46.408181818181816,3,69.04065217391305
pune,maharashtra,india,2.5,handewadi,jhala group,simplicity,simplicity is situated at the entrance of pune and has close access to old and new highway. cn heights has p+12 story residential of three towers and spread on 7 acres of land and 144 units of 2 and 3 bhk in total .,1,0,0,0,1,0,1,785.0,55.22,simplicity situated entrance pune close access old new highway heights p+12 story residential three towers spread acres land 144 units bhk total,10,5,5,46.408181818181816,3,69.04065217391305
pune,maharashtra,india,3.0,koregoan,shroff developers,aureta,"come claim your dream welcome to a space that is right sized to accommodate all your dreams, ideas and activities. we have enhanced the size with meticulous planning and utmost space optimization.aureta has an extra edge in space and style so that you can explore your dream decor.",0,0,0,0,1,1,1,1060.0,136.0,come claim dream welcome space right sized accommodate dreams ideas activities enhanced size meticulous planning utmost space optimizationaureta extra edge space style explore dream decor,13,5,6,139.5,3,69.04065217391305
pune,maharashtra,india,3.5,koregoan,shroff developers,aureta,avani is an excellent combination of cool connectivity and hot lifestyle.this rare residential opportunity has in store appreciation and much more.,0,0,0,0,1,1,1,421.5,143.0,avani excellent combination cool connectivity hot lifestylethis rare residential opportunity store appreciation much,6,0,6,139.5,3,69.04065217391305
pune,maharashtra,india,2.0,mundhwa,unique properties,unique legacy royale,"fired by the desire to create thoughtfully designed homes that value innovation, unique properties in pune - unique legacy royale incorporates contemporary designs, lifestyle features and community amenities that appeal to everyone.",0,0,0,0,1,0,1,664.0,47.59,fired desire create thoughtfully designed homes value innovation unique properties pune unique legacy royale incorporates contemporary designs lifestyle features community amenities appeal everyone,13,5,4,47.804,2,81.48103448275862
pune,maharashtra,india,2.0,mundhwa,unique properties,unique legacy royale,"it offers a childrens play area, landscaped gardens and a host of other extravagant amenities. with its earthquake-resistant framed structure, top-quality paint and woodwork, generator backup, premium quality modular switches, etc. it is quite literally, a dream seen with open eyes. step into the arcus of life",0,0,0,0,1,0,1,670.0,47.7,offers childrens play area landscaped gardens host extravagant amenities earthquakeresistant framed structure topquality paint woodwork generator backup premium quality modular switches etc quite literally dream seen open eyes step arcus life,18,7,3,47.804,2,81.48103448275862
pune,maharashtra,india,2.0,mundhwa,unique properties,unique legacy royale,"elevation that stands out. sets you apart. experience the architecture and the smartly sketched project layout.unique legacy royale is a property masterpiece that would stand out. its a cluster of upscale homes, complemented well by good set of amenities.",0,0,0,0,1,0,1,673.0,47.8,elevation stands sets apart experience architecture smartly sketched project layoutunique legacy royale property masterpiece would stand cluster upscale homes complemented well good set amenities,11,5,4,47.804,2,81.48103448275862
pune,maharashtra,india,2.0,mundhwa,unique properties,unique legacy royale,"the outer row of shops in the frontal area will definitely add a lot of value. its a convenient shopping at your doorstep! as desired by you, a home here would up your status & set you distinctively apart in your social acquaitances.",0,0,0,0,1,0,1,682.0,47.91,outer row shops frontal area definitely add lot value convenient shopping doorstep desired home would status set distinctively apart social acquaitances,11,4,3,47.804,2,81.48103448275862
pune,maharashtra,india,2.0,mundhwa,unique properties,unique legacy royale,unique legacy royale is in the heart of the city. its your forever. from the landscaped ground to the amenities spaces on zero level to the recreational and leisure zones on the terrace level there are myriad routes to explore en route to never ending delight.,0,0,0,0,1,0,1,698.0,48.02,unique legacy royale heart city forever landscaped ground amenities spaces zero level recreational leisure zones terrace level myriad routes explore route never ending delight,13,4,3,47.804,2,81.48103448275862
pune,maharashtra,india,3.0,nibm,kundan spaces,presidia,"feel the stresses of daily life fall away as you enter your home. attractive elevation at the main gate, 2 automatic elevators, 3 level security, digital locking system for main door, video door phone and intercom facility, invertor backup for each flat.",1,0,0,0,1,1,1,1239.0,161.0,feel stresses daily life fall away enter home attractive elevation main gate automatic elevators level security digital locking system main door video door phone intercom facility invertor backup flat,19,2,7,145.57499999999996,4,98.58288659793813
pune,maharashtra,india,3.0,nibm,kundan spaces,presidia,"in presidia there is a provision for piped gas by mngl, firefighting systems with emergency alarams, solar water systems, provision for common dish antenna.",1,0,0,0,1,1,1,1315.0,170.0,presidia provision piped gas mngl firefighting systems emergency alarams solar water systems provision common dish antenna,10,2,3,145.57499999999996,4,98.58288659793813
pune,maharashtra,india,3.0,nibm,kundan spaces,presidia,urban lifestyle comes with chaos - where everyone is trying to reach somewhere. presenting a new residential address in nibm to melt that chaos into calm.,1,0,0,0,1,1,1,1388.0,178.0,urban lifestyle comes chaos everyone trying reach somewhere presenting new residential address nibm melt chaos calm,6,5,4,145.57499999999996,4,98.58288659793813
pune,maharashtra,india,3.0,nibm,kundan spaces,presidia,"located amidst the greens of pune city, it's exactly where you wish to reach at the end of the day - a serene cocoon where the fun is complementary. be ready to unwind in the swamp of premium facilities and a posh lifestyle every day. accept the pass to breathe in peace.",1,0,0,0,1,1,1,1463.0,187.0,located amidst greens pune city exactly wish reach end day serene cocoon fun complementary ready unwind swamp premium facilities posh lifestyle every day accept pass breathe peace,14,4,6,145.57499999999996,4,98.58288659793813
pune,maharashtra,india,3.5,nibm,kundan spaces,presidia,its time to break the monotony with presidia. presidia is for the ones who dare to dream and have the motivation to achieve it! we believe that individuals with big aspirations have a greater chance of success as compared to those who do not dream at all.,1,0,0,0,1,1,1,1662.9,190.29999999999987,time break monotony presidia presidia ones dare dream motivation achieve believe individuals big aspirations greater chance success compared dream,11,4,4,145.57499999999996,4,98.58288659793813
pune,maharashtra,india,3.5,nibm,kundan spaces,presidia,"with our experience and knowledge, we have created homes that will never let you stop dreaming! with kundan spaces we have created a complex that boasts of the highest standards of quality, precision engineering and an unbreakable promise of a comfortable and happy lifestyle.",1,0,0,0,1,1,1,1662.9,190.29999999999987,experience knowledge created homes never let stop dreaming kundan spaces created complex boasts highest standards quality precision engineering unbreakable promise comfortable happy lifestyle,11,5,6,145.57499999999996,4,98.58288659793813
pune,maharashtra,india,1.0,bt kawade rd,kundan spaces,eternia 2.0,"eternia 2.0 has been designed taking into consideration the demands of modern nuclear families. in addition to that, the keshavnagar area is one that is rapidly developing; it can offer you ease of conveyance; it is near to kharadi, magarpatta city, koregaon park, viman nagar and hadapsar.",1,0,0,0,1,1,1,575.0,65.0,eternia designed taking consideration demands modern nuclear families addition keshavnagar area one rapidly developing offer ease conveyance near kharadi magarpatta city koregaon park viman nagar hadapsar,16,4,3,106.049,4,98.58288659793813
pune,maharashtra,india,2.0,bt kawade rd,kundan spaces,eternia 2.0,"with eternia 2.0, you can rest assured that you have found the perfect safe haven for your family. with firefighting systems with emergency alarams, solar water systems, provision for commonantenna.",1,0,0,0,1,1,1,751.0,84.0,eternia rest assured found perfect safe family firefighting systems emergency alarams solar water systems provision commonantenna,9,3,3,106.049,4,98.58288659793813
pune,maharashtra,india,2.0,bt kawade rd,kundan spaces,eternia 2.0,"11 storeys of grandeur await you at bt kawade rd, a thriving urban set up teeming with modern conveniences easily accessible from the pune-mumbai expressway. a home in kundan spaces has all the hallmarks of a kool home; thoughtful design,",1,0,0,0,1,1,1,761.0,85.0,storeys grandeur await kawade thriving urban set teeming modern conveniences easily accessible punemumbai expressway home kundan spaces hallmarks kool home thoughtful design,10,6,4,106.049,4,98.58288659793813
pune,maharashtra,india,2.0,bt kawade rd,kundan spaces,eternia 2.0,"expensive green spaces, enriching facilities, extravagant amenities and much more. inspired by our pursuit to delight our customer, we have created eternia 2.0 - a home of your own that is an emblem of honour, pride and satisfaction.",1,0,0,0,1,1,1,871.0,96.0,expensive green spaces enriching facilities extravagant amenities much inspired pursuit delight customer created eternia home emblem honour pride satisfaction,9,4,4,106.049,4,98.58288659793813
pune,maharashtra,india,3.0,bt kawade rd,kundan spaces,eternia 2.0,"strategically located in bt kawade rd, pune's quaint, nature-loving and yet, well-connected suburb, eternia 2.0 - i welcomes you to experience the height of high living. standing 21 storeys tall, the project assures a healthier and happier life amidst greenery and incredible scenery.",1,0,0,0,1,1,1,1166.0,129.0,strategically located kawade punes quaint natureloving yet wellconnected suburb eternia welcomes experience height high living standing storeys tall project assures healthier happier life amidst greenery incredible scenery,13,5,5,106.049,4,98.58288659793813
pune,maharashtra,india,3.0,bt kawade rd,kundan spaces,eternia 2.0,"bid goodbye to pollution, traffic, long commutes, and city noises as you embrace a home that rises above the rest. it's the address where dreams come true, where families bond forever and where time is always your friend, never your enemy!",1,0,0,0,1,1,1,1206.0,133.0,bid goodbye pollution traffic long commutes city noises embrace home rises rest address dreams come true families bond forever time always friend never enemy,11,7,3,106.049,4,98.58288659793813
pune,maharashtra,india,3.0,bt kawade rd,kundan spaces,eternia 2.0,"booming with commercial and residential growth, infrastructural development and high appreciation, kundan spaces is the next big destination!",1,0,0,0,1,1,1,1272.0,139.0,booming commercial residential growth infrastructural development high appreciation kundan spaces next big destination,6,1,5,106.049,4,98.58288659793813
pune,maharashtra,india,3.0,bt kawade rd,kundan spaces,eternia 2.0,"as they say, we live only once. and how very true it is. so in this precious life, you need a home that gives you the much needed impetus to transcend limits and explore joy to the fullest. so welcome to eternia 2.0",1,0,0,0,1,1,1,1279.0,140.0,say live true precious life need home gives much needed impetus transcend limits explore joy fullest welcome eternia,6,5,5,106.049,4,98.58288659793813
pune,maharashtra,india,2.0,undri,venkatesh bhoomi construction,bliss solitaire,"welcome to bliss solitaire located at just the perfect hotspot of undri, it is a treasure of invigorating experiences. unlock it. own a spacious home here and embrace the inclusive one life.",0,0,0,0,1,0,0,646.0,43.2,welcome bliss solitaire located perfect hotspot undri treasure invigorating experiences unlock spacious home embrace inclusive one life,8,2,5,45.3,1,62.83238095238095
pune,maharashtra,india,2.0,undri,venkatesh bhoomi construction,bliss solitaire,"ever wondered how it would be to live in the midst of pristine purity of nature the refreshing bliss of waking up to a sunrise of clean, un-polluted air and the symphony of birdsong. bliss solitaire is situated at the entrance of pune and has close access to old and new highway.",0,0,0,0,1,0,0,717.0,47.4,ever wondered would live midst pristine purity nature refreshing bliss waking sunrise clean unpolluted air symphony birdsong bliss solitaire situated entrance pune close access old new highway,13,6,5,45.3,1,62.83238095238095
pune,maharashtra,india,1.0,handewadi,lush life,impero,"impero is an endeavor which boasts of high quality product in its class, cn heights la a p+12 story residential building of three towers and spread on 7 acres of land and 144 units of 2 and 3 bhk in total .",0,0,0,0,1,0,0,436.0,36.0,impero endeavor boasts high quality product class heights p+12 story residential building three towers spread acres land 144 units bhk total,11,5,3,46.408181818181816,1,62.83238095238095
pune,maharashtra,india,2.0,handewadi,lush life,impero,"impero enjoys the best of both world the active business, cultural and spiritual life that pune is known for, and easy access to its reputed schools and health facilities.",0,0,0,0,1,0,0,637.0,43.49,impero enjoys best world active business cultural spiritual life pune known easy access reputed schools health facilities,9,3,4,46.408181818181816,1,62.83238095238095
pune,maharashtra,india,2.0,handewadi,lush life,impero,"impero provides for ample space for common areas and amenities. the design allows for free flow without interference. the movement of vehicles are separate from walking areas, leaving away the fumes and noise of the vehicles.",0,0,0,0,1,0,0,642.0,43.83,impero provides ample space common areas amenities design allows free flow without interference movement vehicles separate walking areas leaving away fumes noise vehicles,10,5,5,46.408181818181816,1,62.83238095238095
pune,maharashtra,india,2.0,handewadi,lush life,impero,a grand entrance gate with security cabin and well paved entrance avenue with landscaping to welcome you.these exquisite homes come with lavish amenities and features that make your life the best it can be.,0,0,0,0,1,0,0,655.0,44.44,grand entrance gate security cabin well paved entrance avenue landscaping welcome youthese exquisite homes come lavish amenities features make life best,10,4,6,46.408181818181816,1,62.83238095238095
pune,maharashtra,india,2.0,handewadi,lush life,impero,"experience luxury in the lap of nature at impero. here, traffic noises are replaced with chirping birds, distressed evenings are replaced with refreshing dips in the pool, and hectic nights are replaced with a calm and serene environment.",0,0,0,0,1,0,0,668.0,45.52,experience luxury lap nature impero traffic noises replaced chirping birds distressed evenings replaced refreshing dips pool hectic nights replaced calm serene environment,11,6,4,46.408181818181816,1,62.83238095238095
pune,maharashtra,india,3.0,handewadi,lush life,impero,"located in the rapidly developing suburb of handewadi, impero promises to transform your life in countless ways. surrounded by lush greenery, open skies and luxurious amenities, your home at impero allows you to upgrade your life like never before.",0,0,0,0,1,0,0,810.0,54.0,located rapidly developing suburb handewadi impero promises transform life countless ways surrounded lush greenery open skies luxurious amenities home impero allows upgrade life like never,12,5,5,46.408181818181816,1,62.83238095238095
pune,maharashtra,india,2.0,karvanagar,maha anand pinnac associates,river dale residency,"river dale residency is a residential development in karvanagar, pune. the project is built by maha anand pinnac associates . they provide 2bhk, 3bhk apartments with all necessities and basic amenities",0,0,0,0,1,0,1,735.0,111.0,river dale residency residential development karvanagar pune project built maha anand pinnac associates provide 2bhk 3bhk apartments necessities basic amenities,13,2,3,135.8,2,81.48103448275862
pune,maharashtra,india,2.0,karvanagar,maha anand pinnac associates,river dale residency,"the project boasts 3 elegant towers of 12 stories, offering 2,3 & 4 bedroom apartment in karvanagar, pune. with the quality specification, pleasing design, and great community living",0,0,0,0,1,0,1,783.0,118.0,project boasts elegant towers stories offering bedroom apartment karvanagar pune quality specification pleasing design great community living,11,4,2,135.8,2,81.48103448275862
pune,maharashtra,india,2.0,karvanagar,maha anand pinnac associates,river dale residency,"with health, and transport facilities within 1 to 1.5 km vicinity, 'river dale residency' - a complete package of quality living with happiness and peace of mind.",0,0,0,0,1,0,1,805.0,121.0,health transport facilities within vicinity river dale residency complete package quality living happiness peace mind,10,1,3,135.8,2,81.48103448275862
pune,maharashtra,india,3.0,karvanagar,maha anand pinnac associates,river dale residency,"a modern day paradise, river dale residency is where nature unravels her pristine form. the project offers elegant 1 & 2 bhk homes that spell sophistication in its truest sense.",0,0,0,0,1,0,1,1074.0,162.0,modern day paradise river dale residency nature unravels pristine form project offers elegant bhk homes spell sophistication truest sense,12,3,4,135.8,2,81.48103448275862
pune,maharashtra,india,3.0,karvanagar,maha anand pinnac associates,river dale residency,"here every day you'll be mesmerised by the scenic setting of the meandering indrayani river, paceful environs and rollicking hills. eco-riendly in outlook yet exquisite in design, it is embellished with top notch amenities that make way for a top class lifestyle. luxurious living is now within yor reach.",0,0,0,0,1,0,1,1111.0,167.0,every day youll mesmerised scenic setting meandering indrayani river paceful environs rollicking hills ecoriendly outlook yet exquisite design embellished top notch amenities make way top class lifestyle luxurious living within yor reach,13,7,8,135.8,2,81.48103448275862
pune,maharashtra,india,1.0,nibm,vasupujya corporation,neco beaumont,"spaces which are well designed to give you the ultimate joy of living. this project is truly a space which gives you nothing but happiness, as this project is the right blend of affordability, affinity and amenities.",1,0,0,0,1,0,1,535.0,36.0,spaces well designed give ultimate joy living project truly space gives nothing happiness project right blend affordability affinity amenities,12,2,3,145.57499999999996,3,69.04065217391305
pune,maharashtra,india,2.0,nibm,vasupujya corporation,neco beaumont,"our 1 and 2 bhk flats have prices which will go easy on your pocket, affinity with all the happening and hot spots of the city and amenities which help you lead a comfortable life. thus making neco beaumont a project full of spaces filled with happiness",1,0,0,0,1,0,1,725.0,52.0,bhk flats prices easy pocket affinity happening hot spots city amenities help lead comfortable life thus making neco beaumont project full spaces filled happiness,13,5,5,145.57499999999996,3,69.04065217391305
pune,maharashtra,india,2.0,magarpatta,ace constructions,anutham,"anutham is a premium residential project strategically located in the beautiful, upscale locale ofmagarpatta that stands out as a true symbol of tasteful luxurious living.",1,0,0,0,1,0,0,810.0,79.0,anutham premium residential project strategically located beautiful upscale locale ofmagarpatta stands true symbol tasteful luxurious living,6,2,7,88.0,2,81.48103448275862
pune,maharashtra,india,3.0,magarpatta,ace constructions,anutham,"this lavish and thoughtfully designed multi-storied project consists of 154 units of 2 bhk and 3 bhk apartments. each home features dedicated wardrobe niches in master bedroom, branded bathroom fittings, space-efficient for modular kitchen, and large living space.",1,0,0,0,1,0,0,947.0,97.0,lavish thoughtfully designed multistoried project consists 154 units bhk bhk apartments home features dedicated wardrobe niches master bedroom branded bathroom fittings spaceefficient modular kitchen large living space,14,7,4,88.0,2,81.48103448275862
pune,maharashtra,india,2.0,hinjewadi,shapoorji paloonji,sensorium,"""prime living in the heart of south pune experience that top-of-the-world feeling every time you're home. ensconced in comfort,wrapped in delight, with a prime location in the clean,refreshing ambiences of hinjewadi , surrounded by nature but surprisingly close to the central business district of mg road.",1,0,0,0,1,1,1,697.0,68.06,prime living heart south pune experience topoftheworld feeling every time youre home ensconced comfort wrapped delight prime location clean refreshing ambiences hinjewadi surrounded nature surprisingly close central business district road,14,5,8,87.52666666666667,4,98.58288659793813
pune,maharashtra,india,2.0,hinjewadi,shapoorji paloonji,sensorium,"ensconced in the centrally-located area of koregaon park annexe, sensorium is easily accessible from pune's top it parks, public transport hubs and many more",1,0,0,0,1,1,1,711.0,68.41,ensconced centrallylocated area koregaon park annexe sensorium easily accessible punes top parks public transport hubs many,7,2,6,87.52666666666667,4,98.58288659793813
pune,maharashtra,india,2.0,hinjewadi,shapoorji paloonji,sensorium,"a new home here, at sensorium , provides all the perks, comforts and conveniences of premier housing locations, without tugging too hard at your pocket.",1,0,0,0,1,1,1,792.0,78.0,new home sensorium provides perks comforts conveniences premier housing locations without tugging hard pocket,8,3,2,87.52666666666667,4,98.58288659793813
pune,maharashtra,india,3.0,hinjewadi,shapoorji paloonji,sensorium,"presenting sensorium - the kohinoor of hinjewadi . it's a premium residential address that houses 2, 3 bhks in north-eastern pune. built with a strategic view to lace your life with opulent everything, sensorium is a delight for families who wish to stay connected to the world.",1,0,0,0,1,1,1,980.0,98.87,presenting sensorium kohinoor hinjewadi premium residential address houses bhks northeastern pune built strategic view lace life opulent everything sensorium delight families wish stay connected world,15,6,4,87.52666666666667,4,98.58288659793813
pune,maharashtra,india,2.0,hinjewadi,shapoorji paloonji,sensorium,"thoughtfully located in one of the fastest growing corners of the city, it serves you premiumness on a platter of life-enriching amenities and basic requirements at sensorium,",1,0,0,0,1,1,1,1400.0,140.0,thoughtfully located one fastest growing corners city serves premiumness platter lifeenriching amenities basic requirements sensorium,6,4,3,87.52666666666667,4,98.58288659793813
pune,maharashtra,india,3.0,hinjewadi,shapoorji paloonji,sensorium,"the project is a perfect amalgamation of affordability and contemporary luxuries and located in hinjewadi. the location is just 3 km from hadapsar, and is renowned for the truly remarkable phursungi it park.",1,0,0,0,1,1,1,1662.9,177.0,project perfect amalgamation affordability contemporary luxuries located hinjewadi location hadapsar renowned truly remarkable phursungi park,8,2,4,87.52666666666667,4,98.58288659793813
pune,maharashtra,india,2.0,hadapsar,wellwisher apartments,kiarah terrazo,"hadapsar, which is a highly developed area, is known as one of the it hotspots of the city. the location phursungi enjoys all the infrastructural developments of hadapsar and at the same time, it avails the advantage of unparalleled affordability, thus making it ideal a residential locale.",0,0,0,0,1,0,0,732.0,68.8,hadapsar highly developed area known one hotspots city location phursungi enjoys infrastructural developments hadapsar time avails advantage unparalleled affordability thus making ideal residential locale,9,3,8,75.6375,1,62.83238095238095
pune,maharashtra,india,2.0,hadapsar,wellwisher apartments,kiarah terrazo,"at kiarah terrazo, we have striven to create a utopia of leisures for every one of its residents. the unparalleled profusion of world-class amenities oered by these homes is sure to have a profound eect on your pursuit towards leading a cherished lifestyle.",0,0,0,0,1,0,0,751.0,68.8,kiarah terrazo striven create utopia leisures every one residents unparalleled profusion worldclass amenities oered homes sure profound eect pursuit towards leading cherished lifestyle,9,5,6,75.6375,1,62.83238095238095
pune,maharashtra,india,5.0,hadapsar,wellwisher apartments,kiarah terrazo,"pune's fastest-growing property hotspot, kiarah terrazo, offers a strategic address that is perfect for a lifestyle upgrade! coming from the real estate leaders of pune, wellwisher apartments offers an upscaled phase 3 with luxuriously spacious 2, 2.5, and 3 bhk homes!",0,0,0,0,1,0,0,1662.0,130.0,punes fastestgrowing property hotspot kiarah terrazo offers strategic address perfect lifestyle upgrade coming real estate leaders pune wellwisher apartments offers upscaled phase luxuriously spacious bhk homes,14,4,7,75.6375,1,62.83238095238095
pune,maharashtra,india,2.0,ravet,dolphin group,dolphin garima,a home here delights you with smart connectivity to essential destinations and luxury that is balanced at a location that is bustling with growth. a perfect address to make the boss move!,0,0,0,0,0,0,1,705.0,48.0,home delights smart connectivity essential destinations luxury balanced location bustling growth perfect address make boss move,10,3,3,86.58333333333333,1,62.83238095238095
pune,maharashtra,india,2.0,ravet,dolphin group,dolphin garima,discover a lifestyle at dolphin garima to which nothing comes quite as close. only best of the best and the rarest of the rare can offer something as divine. welcome to a world where you would experience freedom of an altogether new kind.,0,0,0,0,0,0,1,726.0,51.0,discover lifestyle dolphin garima nothing comes quite close best best rarest rare offer something divine welcome world would experience freedom altogether new kind,9,2,8,86.58333333333333,1,62.83238095238095
pune,maharashtra,india,2.0,ravet,dolphin group,dolphin garima,"it's a world of positive energy and healthy vibes that would ensure strong family bonding and inspire a community that shares and cares. welcome to the uniquely different homes of dolphin garima ,",0,0,0,0,0,0,1,809.0,56.0,world positive energy healthy vibes would ensure strong family bonding inspire community shares cares welcome uniquely different homes dolphin garima,9,5,4,86.58333333333333,1,62.83238095238095
pune,maharashtra,india,2.0,vimannagar,oxy buildcorp,oxy beaumonde,"presenting oxy beaumonde ! located at the strategic location of oxy beaumonde offers a life of utmost comfort and convenience. the location will offer you excellent connectivity to many important locations in western pune. not just the location, even the architecture and planning will give you a thousand reasons to make oxy beaumonde your home!",1,0,0,0,1,1,1,734.0,95.0,presenting oxy beaumonde located strategic location oxy beaumonde offers life utmost comfort convenience location offer excellent connectivity many important locations western pune location even architecture planning give thousand reasons make oxy beaumonde home,16,7,8,127.5,4,98.58288659793813
pune,maharashtra,india,2.0,vimannagar,oxy buildcorp,oxy beaumonde,"oxy beaumonde , a 400 acre destination at charholi is the long-awaited response for progressive, luxurious, world-class projects in pune. it has house premium projects that offer all lifestyle experiences",1,0,0,0,1,1,1,793.0,110.0,oxy beaumonde 400 acre destination charholi longawaited response progressive luxurious worldclass projects pune house premium projects offer lifestyle experiences,10,3,5,127.5,4,98.58288659793813
pune,maharashtra,india,2.0,vimannagar,oxy buildcorp,oxy beaumonde,"oxy beaumonde also offers to create an enthralling living experience that is harmonious and sensitive to the surrounding ecology, and yet facilitates a high-quality lifestyle that is built on robust foundations of universal design and world-class infrastructure.",1,0,0,0,1,1,1,904.0,118.0,oxy beaumonde also offers create enthralling living experience harmonious sensitive surrounding ecology yet facilitates highquality lifestyle built robust foundations universal design worldclass infrastructure,9,6,6,127.5,4,98.58288659793813
pune,maharashtra,india,3.0,vimannagar,oxy buildcorp,oxy beaumonde,every oxy beaumonde home is a triumph of design thinking and atenntion to the requirements of the ultimate user - the resident. these homes are no different. each one is unique and a art of design,1,0,0,0,1,1,1,1154.0,146.0,every oxy beaumonde home triumph design thinking atenntion requirements ultimate user resident homes different one unique art design,10,1,5,127.5,4,98.58288659793813
pune,maharashtra,india,3.0,vimannagar,oxy buildcorp,oxy beaumonde,"oxy buildcorp has taken it a notch higher. with developments of newer demands, design also has adapted and so has theoxy beaumonde . come discover a refreshingly delightful living space with us!",1,0,0,0,1,1,1,1168.0,147.0,oxy buildcorp taken notch higher developments newer demands design also adapted theoxy beaumonde come discover refreshingly delightful living space,8,3,5,127.5,4,98.58288659793813
pune,maharashtra,india,3.0,vimannagar,oxy buildcorp,oxy beaumonde,"proudly presenting oxy beaumonde located in vimannagar, oxy beaumonde is the new address for luxury and comfort. offering you a choice of spacious 2 & 3 bhk homes. presenting super homes at oxy beaumonde .",1,0,0,0,1,1,1,1189.0,149.0,proudly presenting oxy beaumonde located vimannagar oxy beaumonde new address luxury comfort offering choice spacious bhk homes presenting super homes oxy beaumonde,10,4,6,127.5,4,98.58288659793813
pune,maharashtra,india,1.0,hinjewadi,kohinoor group,sportsville,"the project offer a delightful mix of well planned apartments along with exciting amenities. the homes are adorned with branded fittings. besides, you can experience comfort and convenience at all times.",0,0,0,0,1,1,1,479.0,38.68,project offer delightful mix well planned apartments along exciting amenities homes adorned branded fittings besides experience comfort convenience times,9,4,2,87.52666666666667,3,69.04065217391305
pune,maharashtra,india,2.0,hinjewadi,kohinoor group,sportsville,"what's more, the connectivity to prime locations will make your life blissful. so book a super home at sportsville the destination of the future.",0,0,0,0,1,1,1,693.0,58.0,whats connectivity prime locations make life blissful book super home sportsville destination future,8,3,2,87.52666666666667,3,69.04065217391305
pune,maharashtra,india,2.0,hinjewadi,kohinoor group,sportsville,"welcome to your world; a world most only dream about. a world of sublime case, of high living and quiet contentment, where every prospect pleases. a place where you can indulge the lightest of whims and live the life of abundance you know you deserve",0,0,0,0,1,1,1,725.0,60.72,welcome world world dream world sublime case high living quiet contentment every prospect pleases place indulge lightest whims live life abundance know deserve,13,3,6,87.52666666666667,3,69.04065217391305
pune,maharashtra,india,2.0,bt kawade rd,kohinoor group,presidenta,presidenta by kohinoor group is a residential project. the project offers apartment with perfect combination of contemporary architecture and features to provide comfortable living.,0,0,0,0,1,1,1,808.0,81.49,presidenta kohinoor group residential project project offers apartment perfect combination contemporary architecture features provide comfortable living,8,2,6,106.049,3,69.04065217391305
pune,maharashtra,india,3.0,bt kawade rd,kohinoor group,presidenta,every presidenta home is a triumph of design thinking and atenntion to the requirements of the ultimate user - the resident. these homes are no different. each one is unique.,0,0,0,0,1,1,1,1086.0,108.0,every presidenta home triumph design thinking atenntion requirements ultimate user resident homes different one unique,9,1,3,106.049,3,69.04065217391305
pune,maharashtra,india,2.0,wadgaon sheri,bhaktamar realities,bhaktamar residency,bhaktamar residency by bhaktamar realities is a residential project. the project offers apartment with perfect combination of contemporary architecture and features to provide comfortable living.,1,0,0,0,1,1,1,785.0,74.5,bhaktamar residency bhaktamar realities residential project project offers apartment perfect combination contemporary architecture features provide comfortable living,10,2,5,69.45444444444445,4,98.58288659793813
pune,maharashtra,india,2.0,wadgaon sheri,bhaktamar realities,bhaktamar residency,"a galactic scheme having the perfect harmony of high connectivity with the bustling hubs of pune city kharadi. it is surrounded by natural beauty on all sides ensuring the needs of safety, security and utmost privacy are all taken care of.",1,0,0,0,1,1,1,844.0,80.59,galactic scheme perfect harmony high connectivity bustling hubs pune city kharadi surrounded natural beauty sides ensuring needs safety security utmost privacy taken care,14,4,5,69.45444444444445,4,98.58288659793813
pune,maharashtra,india,2.0,wadgaon sheri,bhaktamar realities,bhaktamar residency,"presenting a new residential address in wadgaon sheri to melt that chaos into calm. located amidst the greens of pune city, it's exactly where you wish to reach at the end of the day - a serene cocoon where the fun is complementary.",1,0,0,0,1,1,1,873.0,83.0,presenting new residential address wadgaon sheri melt chaos calm located amidst greens pune city exactly wish reach end day serene cocoon fun complementary,11,5,6,69.45444444444445,4,98.58288659793813
pune,maharashtra,india,2.0,susgaon,porwal & anand develkoper,parklane urbanjoy,one of the finest communities of pune - parklane urbanjoy first choice for home buyers adjacent to 200 acres of forest and an array of unique amenities is upcoming residential property established nibm of pune with including smart apartments.,1,0,0,0,1,1,1,606.0,47.25,one finest communities pune parklane urbanjoy first choice home buyers adjacent 200 acres forest array unique amenities upcoming residential property established nibm pune including smart apartments,12,4,8,55.24,4,98.58288659793813
pune,maharashtra,india,2.0,susgaon,porwal & anand develkoper,parklane urbanjoy,parklane urbanjoy pune it includes 2 bhk smart flats. this is an elegant creation of porwal & anand develkoper amongst high residential locality this is a wonderful creation of major porwal & anand develkoper amongst high residential locality.,1,0,0,0,1,1,1,611.0,47.5,parklane urbanjoy pune includes bhk smart flats elegant creation porwal anand develkoper amongst high residential locality wonderful creation major porwal anand develkoper amongst high residential locality,11,3,9,55.24,4,98.58288659793813
pune,maharashtra,india,2.0,susgaon,porwal & anand develkoper,parklane urbanjoy,"with luxury homes, you will go on the level of enlarging in terms of living style in pune, because the property has a large region for upcoming apartments.",1,0,0,0,1,1,1,626.0,48.43,luxury homes level enlarging terms living style pune property large region upcoming apartments,8,3,2,55.24,4,98.58288659793813
pune,maharashtra,india,2.0,susgaon,porwal & anand develkoper,parklane urbanjoy,"parklane urbanjoy is inspiring in design, stirring in luxury and enveloped by verdant surroundings. parklane urbanjoy goal is to deliver developments that are finely crafted, and where the quality of finish shine through in every development, from inception to completion.",1,0,0,0,1,1,1,691.0,55.26,parklane urbanjoy inspiring design stirring luxury enveloped verdant surroundings parklane urbanjoy goal deliver developments finely crafted quality finish shine every development inception completion,13,4,4,55.24,4,98.58288659793813
pune,maharashtra,india,3.0,susgaon,porwal & anand develkoper,parklane urbanjoy,"parklane urbanjoy is an ultimate reflection of the urban chic lifestyle brought to us by porwal & anand develkoper. the project hosts in its lap 188 exclusively designed apartments, each being an epitome of elegance and simplicity. parklane urbanjoy comprises every modern amenity required for a luxury living.",1,0,0,0,1,1,1,835.0,66.0,parklane urbanjoy ultimate reflection urban chic lifestyle brought porwal anand develkoper project hosts lap 188 exclusively designed apartments epitome elegance simplicity parklane urbanjoy comprises every modern amenity required luxury living,14,6,7,55.24,4,98.58288659793813
pune,maharashtra,india,3.0,susgaon,porwal & anand develkoper,parklane urbanjoy,parklane urbanjoy is an ultimate reflection of the urban chic lifestyle brought to us by porwal & anand develkoper. parklane urbanjoy comprises every modern amenity required for a luxury living.,1,0,0,0,1,1,1,854.0,67.0,parklane urbanjoy ultimate reflection urban chic lifestyle brought porwal anand develkoper parklane urbanjoy comprises every modern amenity required luxury living,9,3,6,55.24,4,98.58288659793813
pune,maharashtra,india,2.0,mohammadwadi,porwal  develkoper,khush vista,"khush vista is a project by magarpatta city in pune. located in mohammedwadi, it is a residential project. the address of riverview city is mohammedwadi.",1,0,0,0,1,0,0,626.0,45.7,khush vista project magarpatta city pune located mohammedwadi residential project address riverview city mohammedwadi,10,2,2,45.6,2,81.48103448275862
pune,maharashtra,india,2.0,mohammadwadi,porwal  develkoper,khush vista,"welcome to your world, a world of sublime case, of high living and quiet contentment, where every prospect pleases. a place where you can indulge the lightest of whims and live the life of abundance you know you deserve",1,0,0,0,1,0,0,715.0,45.5,welcome world world sublime case high living quiet contentment every prospect pleases place indulge lightest whims live life abundance know deserve,11,3,6,45.6,2,81.48103448275862
pune,maharashtra,india,2.0,dhanori,keystone landmark,oxy eterno,"oxy eterno ensures a coveted lifestyle and offers a convenient living. it offers facilities such as rainwater harvesting, power backup. the property has fire sprinklers.oxy eterno is well-connected to other parts of the city via an extensive road.",0,0,0,0,1,0,0,692.5,59.0,oxy eterno ensures coveted lifestyle offers convenient living offers facilities rainwater harvesting power backup property fire sprinklersoxy eterno wellconnected parts city via extensive road,14,6,3,81.75,1,62.83238095238095
pune,maharashtra,india,3.0,dhanori,keystone landmark,oxy eterno,"welcome to your world; a world most only dream about. a world of sublime case, of high living and quiet contentment, where every prospect pleases. a place where you can live the life of abundance you know you deserve",0,0,0,0,1,0,0,968.0,87.0,welcome world world dream world sublime case high living quiet contentment every prospect pleases place live life abundance know deserve,12,2,5,81.75,1,62.83238095238095
pune,maharashtra,india,3.0,dhanori,keystone landmark,oxy eterno,not every day would you come across a development that stimulates the soul and inspires the senses. be uplifted by the greenery around you. fall in love with the melodious chirps of the birds. soak in the bliss of fresh air all day. experiences like these truly make life magical. go ahead and embrace them,0,0,0,0,1,0,0,996.0,89.0,every day would come across development stimulates soul inspires senses uplifted greenery around fall love melodious chirps birds soak bliss fresh air day experiences like truly make life magical ahead embrace,14,5,5,81.75,1,62.83238095238095
pune,maharashtra,india,3.0,dhanori,keystone landmark,oxy eterno,"oxy eterno, a 400 acre destination at charholi is the long-awaited response for progressive, luxurious, world-class projects in pune. it has house premium projects that offer all lifestyle experiences, without the urban difficulties of pollution, traffic, space congestion and more.",0,0,0,0,1,0,0,1038.0,92.0,oxy eterno 400 acre destination charholi longawaited response progressive luxurious worldclass projects pune house premium projects offer lifestyle experiences without urban difficulties pollution traffic space congestion,15,3,6,81.75,1,62.83238095238095
pune,maharashtra,india,1.0,bavdhan budruk,puraniks,abitante fiore,"abitante fiore offers to create an enthralling living experience that is harmonious and sensitive to the surrounding ecology, and yet facilitates a high-quality lifestyle that is built on robust foundations of universal design and world-class infrastructure.",1,0,0,0,1,1,1,489.0,43.8,abitante fiore offers create enthralling living experience harmonious sensitive surrounding ecology yet facilitates highquality lifestyle built robust foundations universal design worldclass infrastructure,10,6,5,63.28333333333333,4,98.58288659793813
pune,maharashtra,india,2.0,bavdhan budruk,puraniks,abitante fiore,everyabitante fiore home is a triumph of design thinking and atenntion to the requirements of the ultimate user - the resident. these homes are no different.with all basic amenities,1,0,0,0,1,1,1,598.0,55.3,everyabitante fiore home triumph design thinking atenntion requirements ultimate user resident homes differentwith basic amenities,9,3,3,63.28333333333333,4,98.58288659793813
pune,maharashtra,india,2.0,bavdhan budruk,puraniks,abitante fiore,"abitante fiore has taken it a notch higher. with developments of newer demands, design also has adapted and so has the regency home. come discover a refreshingly delightful living space with us!",1,0,0,0,1,1,1,616.0,56.5,abitante fiore taken notch higher developments newer demands design also adapted regency home come discover refreshingly delightful living space,9,3,3,63.28333333333333,4,98.58288659793813
pune,maharashtra,india,2.0,bavdhan budruk,puraniks,abitante fiore,"proudly presenting abitante fiore located in bavdhan budruk , abitante fiore is the new address for luxury and comfort. offering you a choice of spacious 2 & 3 bhk homes. presenting super homes at abitante fiore.",1,0,0,0,1,1,1,692.0,62.3,proudly presenting abitante fiore located bavdhan budruk abitante fiore new address luxury comfort offering choice spacious bhk homes presenting super homes abitante fiore,11,4,4,63.28333333333333,4,98.58288659793813
pune,maharashtra,india,3.0,bavdhan budruk,puraniks,abitante fiore,"the project offer a delightful mix of well planned apartments along with exciting amenities. the homes are adorned with branded fittings. besides, you can experience comfort and convenience at all times.",1,0,0,0,1,1,1,867.0,79.3,project offer delightful mix well planned apartments along exciting amenities homes adorned branded fittings besides experience comfort convenience times,9,4,2,63.28333333333333,4,98.58288659793813
pune,maharashtra,india,3.0,bavdhan budruk,puraniks,abitante fiore,"what's more, the connectivity to prime locations will make your life blissful, with all basic requirements being met and ultra tech facilities. so book a super home at abitante fiore the destination of the future.",1,0,0,0,1,1,1,908.0,82.5,whats connectivity prime locations make life blissful basic requirements met ultra tech facilities book super home abitante fiore destination future,13,4,3,63.28333333333333,4,98.58288659793813
pune,maharashtra,india,3.0,lonavala,puraniks,puraniks sayama,"welcome to your world; a world most only dream about. a world of sublime case, of high living and quiet contentment, where every prospect pleases. a place where you can indulge the lightest of whims and live the life of abundance you know you deserve",1,0,0,0,1,1,1,1624.0,159.0,welcome world world dream world sublime case high living quiet contentment every prospect pleases place indulge lightest whims live life abundance know deserve,13,3,6,174.64999999999992,4,98.58288659793813
pune,maharashtra,india,4.0,lonavala,puraniks,puraniks sayama,"a galactic scheme having the perfect harmony of high connectivity with the bustling hubs of pune city kharadi, magarpatta city, koregaon park, viman nagar and hadapsar. it is surrounded by natural beauty on all sides ensuring the needs of safety, security and utmost privacy are all taken care of.",1,0,0,0,1,1,1,1662.9,190.29999999999987,galactic scheme perfect harmony high connectivity bustling hubs pune city kharadi magarpatta city koregaon park viman nagar hadapsar surrounded natural beauty sides ensuring needs safety security utmost privacy taken care,20,5,5,174.64999999999992,4,98.58288659793813
pune,maharashtra,india,2.0,handewadi,majestique landmarks,rhythm county,"wisdom park in balewadi, pune by chandrarang developers and sai shraddha associates is a residential project. the project offers apartment with perfect combination of contemporary architecture and features to provide comfortable living.",0,0,0,0,1,1,0,727.0,45.74,wisdom park balewadi pune chandrarang developers sai shraddha associates residential project project offers apartment perfect combination contemporary architecture features provide comfortable living,14,3,5,46.408181818181816,2,81.48103448275862
pune,maharashtra,india,3.0,handewadi,majestique landmarks,rhythm county,urban lifestyle comes with chaos - where everyone is trying to reach somewhere. presenting a new residential address in handewadito melt that chaos into calm.,0,0,0,0,1,1,0,923.0,58.95,urban lifestyle comes chaos everyone trying reach somewhere presenting new residential address handewadito melt chaos calm,6,5,4,46.408181818181816,2,81.48103448275862
pune,maharashtra,india,2.0,manjri,kalpataru,kalpataru serenity,"located amidst the greens of pune city, it's exactly where you wish to reach at the end of the day - a serene cocoon where the fun is complementary. be ready to unwind in the swamp of premium facilities and a posh lifestyle every day at kalpataru serenity.",1,0,0,0,1,1,1,731.5,59.0,located amidst greens pune city exactly wish reach end day serene cocoon fun complementary ready unwind swamp premium facilities posh lifestyle every day kalpataru serenity,12,5,6,64.9,4,98.58288659793813
pune,maharashtra,india,3.0,manjri,kalpataru,kalpataru serenity,kalpataru the biggest opportunity in nibm pune by india's most trusted developer. one of the finest communities of pune - kalpataru first choice for home buyers adjacent to 200 acres of forest and an array of unique amenities is upcoming residential property established nibm of pune.,1,0,0,0,1,1,1,1073.5,109.0,kalpataru biggest opportunity nibm pune indias trusted developer one finest communities pune kalpataru first choice home buyers adjacent 200 acres forest array unique amenities upcoming residential property established nibm pune,15,4,8,64.9,4,98.58288659793813
pune,maharashtra,india,2.0,kharadi,vijaya laxmi creations,satyam shivam,"vijaya laxmi creations, it includes 2 bhk smart flats. this is an elegant creation of realty vijaya laxmi creations amongst high residential locality this is a wonderful creation of major realty vijaya laxmi creations amongst high residential locality.",1,0,0,0,1,0,1,421.5,39.99,vijaya laxmi creations includes bhk smart flats elegant creation realty vijaya laxmi creations amongst high residential locality wonderful creation major realty vijaya laxmi creations amongst high residential locality,13,3,12,66.310625,3,69.04065217391305
pune,maharashtra,india,2.0,kharadi,vijaya laxmi creations,satyam shivam,"with luxury homes, you will go on the level of enlarging in terms of living style in pune, because the property has a large region for upcoming apartments., satyam shivam is the right choice for you.",1,0,0,0,1,0,1,546.0,53.99,luxury homes level enlarging terms living style pune property large region upcoming apartments satyam shivam right choice,8,4,4,66.310625,3,69.04065217391305
pune,maharashtra,india,2.0,kharadi,vijaya laxmi creations,satyam shivam,"satyam shivam is inspiring in design, stirring in luxury and enveloped by verdant surroundings.satyam shivam goal is to deliver developments that are finely crafted, and where the quality of finish shine through in every development, from inception to completion.",1,0,0,0,1,0,1,629.0,59.99,satyam shivam inspiring design stirring luxury enveloped verdant surroundingssatyam shivam goal deliver developments finely crafted quality finish shine every development inception completion,14,4,2,66.310625,3,69.04065217391305
pune,maharashtra,india,1.0,wadgaon sheri,vijaya laxmi creations,satyam serenity,"satyam serenity is an ultimate reflection of the urban chic lifestyle brought to us by satyam serenity. the project hosts in its lap 188 exclusively designed apartments, each being an epitome of elegance and simplicity. satyam serenity world comprises every modern amenity required for a luxury living.",1,0,0,0,1,0,1,421.5,36.0,satyam serenity ultimate reflection urban chic lifestyle brought satyam serenity project hosts lap 188 exclusively designed apartments epitome elegance simplicity satyam serenity world comprises every modern amenity required luxury living,13,7,7,69.45444444444445,3,69.04065217391305
pune,maharashtra,india,1.0,wadgaon sheri,vijaya laxmi creations,satyam serenity,"satyam serenity is a project by vijaya laxmi creations in pune. located in wadgaon sheri , it is a residential project. the address of satyam serenity is loni kalbhor.satyam serenity ensures a coveted lifestyle and offers a convenient living. it offers facilities such as rainwater harvesting, power backup. the property has fire sprinklers.",1,0,0,0,1,0,1,494.0,47.0,satyam serenity project vijaya laxmi creations pune located wadgaon sheri residential project address satyam serenity loni kalbhorsatyam serenity ensures coveted lifestyle offers convenient living offers facilities rainwater harvesting power backup property fire sprinklers,19,8,6,69.45444444444445,3,69.04065217391305
pune,maharashtra,india,2.0,wadgaon sheri,vijaya laxmi creations,satyam serenity,satyam serenity is well-connected to other parts of the city via an extensive road. it also has all the ammenties that you need in a premium scale and offers a lot.,1,0,0,0,1,0,1,780.0,70.0,satyam serenity wellconnected parts city via extensive road also ammenties need premium scale offers lot,7,3,3,69.45444444444445,3,69.04065217391305
pune,maharashtra,india,2.0,wadgaon sheri,vijaya laxmi creations,satyam serenity,not every day would you come across a development that stimulates the soul and inspires the senses. be uplifted by the greenery around you. fall in love with the melodious chirps of the birds. soak in the bliss of fresh air all day. experiences like these truly make life magical. go ahead and embrace them,1,0,0,0,1,0,1,850.0,73.0,every day would come across development stimulates soul inspires senses uplifted greenery around fall love melodious chirps birds soak bliss fresh air day experiences like truly make life magical ahead embrace,14,5,5,69.45444444444445,3,69.04065217391305
pune,maharashtra,india,2.0,wadgaon sheri,vijaya laxmi creations,satyam serenity,"the most wonderful taste of serenity it is said is found by the love you create for yourself and those around you. ample lighting, unlimited ventilation and plentiful privacy, at splendid is a calm oasis of unlimited peace and happiness in the midst of a hustling city.",1,0,0,0,1,0,1,900.0,78.0,wonderful taste serenity said found love create around ample lighting unlimited ventilation plentiful privacy splendid calm oasis unlimited peace happiness midst hustling city,12,4,6,69.45444444444445,3,69.04065217391305
pune,maharashtra,india,2.0,wadgaon sheri,vijaya laxmi creations,satyam serenity,"a palatial celebration of effortless living, splendid is located at the cusp of baner, is in close proximity to famous schools, and every other civic amenity imaginable so that you spend less time on the road and more at home.",1,0,0,0,1,0,1,930.0,83.0,palatial celebration effortless living splendid located cusp baner close proximity famous schools every civic amenity imaginable spend less time road home,13,2,5,69.45444444444445,3,69.04065217391305
pune,maharashtra,india,3.0,baner,kalpataru,jade residences,"jade residences , is a unique landmark of luxury, simplicity & elegant crafted to deliver the finest that life has to offer to the choicest few. a home that understands you and lives your way of life.",0,0,0,0,1,1,0,1272.5,175.0,jade residences unique landmark luxury simplicity elegant crafted deliver finest life offer choicest home understands lives way life,11,4,3,132.96499999999997,2,81.48103448275862
pune,maharashtra,india,3.5,baner,kalpataru,jade residences,"the comfort of a locality that enables peaceful times and a quick commute; or a neighbourhood that's friendly, thriving and happy; or a home that's spacious, smartly planned and affordably priced- that's just a glimpse into the world of jade residences .",0,0,0,0,1,1,0,1662.9,190.29999999999987,comfort locality enables peaceful times quick commute neighbourhood thats friendly thriving happy home thats spacious smartly planned affordably priced thats glimpse world jade residences,12,5,4,132.96499999999997,2,81.48103448275862
pune,maharashtra,india,4.5,baner,kalpataru,jade residences,. confidence comes from conviction. a conviction that the best-practices being implemented in our projects are same as the ones implemented globally. welcome to jade residences .,0,0,0,0,1,1,0,1662.9,190.29999999999987,confidence comes conviction conviction bestpractices implemented projects ones implemented globally welcome jade residences,8,3,1,132.96499999999997,2,81.48103448275862
pune,maharashtra,india,1.0,bavdhan,vijaya laxmi infrarealtors,satyam shery,"spread over 14 acres, satyam shery comprises 9 contemporary towers with over 20 key amenities including a modern clubhouse and a pool. the residences offer stunning views of pune's urbanscape, while almost 60% of the open area is beautifully landscaped.",1,0,0,0,1,0,0,421.5,39.49,spread acres satyam shery comprises contemporary towers key amenities including modern clubhouse pool residences offer stunning views punes urbanscape almost open area beautifully landscaped,12,4,5,58.044000000000004,2,81.48103448275862
pune,maharashtra,india,1.0,bavdhan,vijaya laxmi infrarealtors,satyam shery,not every day would you come across a development that stimulates the soul and inspires the senses. soak in the bliss of fresh air all day. experiences like these truly make life magical. go ahead and embrace them,1,0,0,0,1,0,0,421.5,39.49,every day would come across development stimulates soul inspires senses soak bliss fresh air day experiences like truly make life magical ahead embrace,9,4,4,58.044000000000004,2,81.48103448275862
pune,maharashtra,india,1.0,bavdhan,vijaya laxmi infrarealtors,satyam shery,"a project consists of beautiful and well designed 1 & 2 bhk apartments, excellent quality construction, modern amenities and refreshing nature. satyam shery fullfills all the needs which every family can think on.",1,0,0,0,1,0,0,421.5,39.49,project consists beautiful well designed bhk apartments excellent quality construction modern amenities refreshing nature satyam shery fullfills needs every family think,10,5,4,58.044000000000004,2,81.48103448275862
pune,maharashtra,india,2.0,bavdhan,vijaya laxmi infrarealtors,satyam shery,"urbania mangalam offers a life of calm serenity with all benefits of city life with a superbly connected areas.located near a famous divine place sant dnyaneshwar temple, alandi & close to shree aniruddha bapu upasana temple.",1,0,0,0,1,0,0,667.0,64.99,urbania mangalam offers life calm serenity benefits city life superbly connected areaslocated near famous divine place sant dnyaneshwar temple alandi close shree aniruddha bapu upasana temple,12,3,9,58.044000000000004,2,81.48103448275862
pune,maharashtra,india,2.0,bavdhan,vijaya laxmi infrarealtors,satyam shery,satyam shrey is a residential project comprising of 1 & 2 bhk apartment units. this is a single tower project comprising of total 80 units distributed equally over 10 floors. the apartments are designed specifically keeping in mind the requirements of optimum utilization of usable space.,1,0,0,0,1,0,0,641.0,64.99,satyam shrey residential project comprising bhk apartment units single tower project comprising total units distributed equally floors apartments designed specifically keeping mind requirements optimum utilization usable space,14,5,6,58.044000000000004,2,81.48103448275862
pune,maharashtra,india,2.0,bavdhan,vijaya laxmi infrarealtors,satyam shery,"vijaya laxmi infrarealtors is an aspirational residential project in bavdhan one of the fastest-growing suburbs of pune. beautifully designed for the people who do not want to settle down for less, this residential development is an array of features.",1,0,0,0,1,0,0,665.0,64.99,vijaya laxmi infrarealtors aspirational residential project bavdhan one fastestgrowing suburbs pune beautifully designed people want settle less residential development array features,10,3,4,58.044000000000004,2,81.48103448275862
pune,maharashtra,india,1.0,talegoan,calyx spaces,atulya kanhe,be uplifted by the greenery around you at atulya kanhe . fall in love with the melodious chirps of the birds. soak in the bliss of fresh air all day. experiences like these truly make life magical. go ahead and embrace them,1,0,0,0,1,1,1,421.5,36.0,uplifted greenery around atulya kanhe fall love melodious chirps birds soak bliss fresh air day experiences like truly make life magical ahead embrace,9,3,6,36.0,4,98.58288659793813
pune,maharashtra,india,2.0,talegoan,calyx spaces,atulya kanhe,we thought of the things that can be incorporated in 2 bhk flats to suit a modern urban lifestyle and have incorporated the same in '47 east'. the project is spread over approx. 6 acres of the prime location along magarpatta road.,1,0,0,0,1,0,1,421.5,36.0,thought things incorporated bhk flats suit modern urban lifestyle incorporated east project spread approx acres prime location along magarpatta road,10,4,5,36.0,3,69.04065217391305
pune,maharashtra,india,2.0,baner,supreme,supreme estia,not every day would you come across a development that stimulates the soul and inspires the senses. be uplifted by the greenery around you. fall in love with the melodious chirps of the birds. soak in the bliss of fresh air all day.,1,0,0,0,1,1,1,730.0,87.0,every day would come across development stimulates soul inspires senses uplifted greenery around fall love melodious chirps birds soak bliss fresh air day,11,4,4,132.96499999999997,4,98.58288659793813
pune,maharashtra,india,3.0,baner,supreme,supreme estia,"it is in proximity to kharadi, kalyani nagar and koregaon park providing both work-n-fun within easy driving distance. '47 east' is situated near the supreme estia , with several reputed schools in the vicinity. it can't get better than this!",1,0,0,0,1,1,1,1135.0,129.0,proximity kharadi kalyani nagar koregaon park providing worknfun within easy driving distance east situated near supreme estia several reputed schools vicinity cant get better,10,6,5,132.96499999999997,4,98.58288659793813
pune,maharashtra,india,3.0,baner,supreme,supreme estia,"supreme estia - the name itself emanates a feeling of exclusivity and magnificence.the most premium spice. inspired by the essence of this exclusive gift of nature, supreme constructions proudly presents supreme estia - a methodically planned residential project of 1 & 2 bhk apartments accessorized with smart specs and indulging amenities.",1,0,0,0,1,1,1,1350.0,160.0,supreme estia name emanates feeling exclusivity magnificencethe premium spice inspired essence exclusive gift nature supreme constructions proudly presents supreme estia methodically planned residential project bhk apartments accessorized smart specs indulging amenities,15,7,6,132.96499999999997,4,98.58288659793813
pune,maharashtra,india,4.0,baner,supreme,supreme estia,not every day would you come across a development that stimulates the soul and inspires the senses. be uplifted by the greenery around you. fall in love with the melodious chirps of the birds. experiences like these truly make life magical. go ahead and embrace them,1,0,0,0,1,1,1,1600.0,190.29999999999987,every day would come across development stimulates soul inspires senses uplifted greenery around fall love melodious chirps birds experiences like truly make life magical ahead embrace,12,4,3,132.96499999999997,4,98.58288659793813
pune,maharashtra,india,2.0,baner,tejraaj group,tej elevia,"a lifestyle of abundance that fourishes amidst all the essentials of a bountiful living. it took the best of talents, planners, realty experts along with dedication, passion and love, to present you our best work.",0,0,0,0,1,1,1,789.0,95.0,lifestyle abundance fourishes amidst essentials bountiful living took best talents planners realty experts along dedication passion love present best work,9,5,5,132.96499999999997,3,69.04065217391305
pune,maharashtra,india,3.0,baner,tejraaj group,tej elevia,"we are proud of it.we are sure, you will fall in love with it too. after all, it was created to actualize your dreams, your aspirations. an exclusive landmark of brilliance and sophistication with all basic needs",0,0,0,0,1,1,1,1107.0,135.0,proud itwe sure fall love created actualize dreams aspirations exclusive landmark brilliance sophistication basic needs,9,1,5,132.96499999999997,3,69.04065217391305
pune,maharashtra,india,2.0,baner,vtp reality,vtp solitaire,"a beautiful collection of ultra-modern homes, which will defi nitely exceed your expectations. elite spaces crafted for those connoisseurs of fine taste, who can admire the class and craft of an iconic creation., with all basic amenities",1,0,0,0,1,1,1,776.0,90.68,beautiful collection ultramodern homes defi nitely exceed expectations elite spaces crafted connoisseurs fine taste admire class craft iconic creation basic amenities,11,3,6,132.96499999999997,4,98.58288659793813
